{ "editorVersion": 5.0, "instances": [ { "layer": 0.0, "deleted": 0.0, "variables": { "x": 0.0, "flipX": 0.0, "y": 448.0, "flipY": 0.0 }, "object": 517.0 }, { "layer": 0.0, "deleted": 0.0, "variables": { "x": 32.0, "flipX": 0.0, "y": 448.0, "flipY": 0.0 }, "object": 517.0 }, { "layer": 0.0, "deleted": 0.0, "variables": { "x": 64.0, "flipX": 0.0, "y": 448.0, "flipY": 0.0 }, "object": 517.0 }, { "layer": 0.0, "deleted": 0.0, "variables": { "x": 96.0, "flipX": 0.0, "y": 448.0, "flipY": 0.0 }, "object": 517.0 }, { "layer": 0.0, "deleted": 0.0, "variables": { "x": 128.0, "flipX": 0.0, "y": 448.0, "flipY": 0.0 }, "object": 517.0 }, { "layer": 0.0, "deleted": 0.0, "variables": { "x": 160.0, "flipX": 0.0, "y": 448.0, "flipY": 0.0 }, "object": 517.0 }, { "layer": 0.0, "deleted": 0.0, "variables": { "x": 192.0, "flipX": 0.0, "y": 448.0, "flipY": 0.0 }, "object": 517.0 }, { "layer": 0.0, "deleted": 0.0, "variables": { "x": 224.0, "flipX": 0.0, "y": 448.0, "flipY": 0.0 }, "object": 517.0 }, { "layer": 0.0, "deleted": 0.0, "variables": { "x": 256.0, "flipX": 0.0, "y": 448.0, "flipY": 0.0 }, "object": 517.0 }, { "layer": 0.0, "deleted": 0.0, "variables": { "x": 288.0, "flipX": 0.0, "y": 448.0, "flipY": 0.0 }, "object": 517.0 }, { "layer": 0.0, "deleted": 0.0, "variables": { "x": 320.0, "flipX": 0.0, "y": 448.0, "flipY": 0.0 }, "object": 517.0 }, { "layer": 0.0, "deleted": 0.0, "variables": { "x": 352.0, "flipX": 0.0, "y": 448.0, "flipY": 0.0 }, "object": 517.0 }, { "layer": 0.0, "deleted": 0.0, "variables": { "x": 384.0, "flipX": 0.0, "y": 448.0, "flipY": 0.0 }, "object": 517.0 }, { "layer": 0.0, "deleted": 0.0, "variables": { "x": 416.0, "flipX": 0.0, "y": 448.0, "flipY": 0.0 }, "object": 517.0 }, { "layer": 0.0, "deleted": 0.0, "variables": { "x": 448.0, "flipX": 0.0, "y": 448.0, "flipY": 0.0 }, "object": 517.0 }, { "layer": 0.0, "deleted": 0.0, "variables": { "x": 480.0, "flipX": 0.0, "y": 448.0, "flipY": 0.0 }, "object": 517.0 }, { "layer": 0.0, "deleted": 0.0, "variables": { "x": 512.0, "flipX": 0.0, "y": 448.0, "flipY": 0.0 }, "object": 517.0 }, { "layer": 0.0, "deleted": 0.0, "variables": { "x": 544.0, "flipX": 0.0, "y": 448.0, "flipY": 0.0 }, "object": 517.0 }, { "layer": 0.0, "deleted": 0.0, "variables": { "x": 576.0, "flipX": 0.0, "y": 448.0, "flipY": 0.0 }, "object": 517.0 }, { "layer": 0.0, "deleted": 0.0, "variables": { "x": 608.0, "flipX": 0.0, "y": 448.0, "flipY": 0.0 }, "object": 517.0 }, { "layer": 0.0, "deleted": 0.0, "variables": { "x": 640.0, "flipX": 0.0, "y": 448.0, "flipY": 0.0 }, "object": 517.0 }, { "layer": 0.0, "deleted": 0.0, "variables": { "x": 672.0, "flipX": 0.0, "y": 448.0, "flipY": 0.0 }, "object": 517.0 }, { "layer": 0.0, "deleted": 0.0, "variables": { "x": 704.0, "flipX": 0.0, "y": 448.0, "flipY": 0.0 }, "object": 517.0 }, { "layer": 0.0, "deleted": 0.0, "variables": { "x": 736.0, "flipX": 0.0, "y": 448.0, "flipY": 0.0 }, "object": 517.0 }, { "layer": 0.0, "deleted": 0.0, "variables": { "x": 768.0, "flipX": 0.0, "y": 448.0, "flipY": 0.0 }, "object": 517.0 }, { "layer": 0.0, "deleted": 0.0, "variables": { "x": 800.0, "flipX": 0.0, "y": 448.0, "flipY": 0.0 }, "object": 517.0 }, { "layer": 0.0, "deleted": 0.0, "variables": { "x": 832.0, "flipX": 0.0, "y": 448.0, "flipY": 0.0 }, "object": 517.0 }, { "layer": 0.0, "deleted": 0.0, "variables": { "x": 864.0, "flipX": 0.0, "y": 448.0, "flipY": 0.0 }, "object": 517.0 }, { "layer": 0.0, "deleted": 0.0, "variables": { "x": 896.0, "flipX": 0.0, "y": 448.0, "flipY": 0.0 }, "object": 517.0 }, { "layer": 0.0, "deleted": 0.0, "variables": { "x": 928.0, "flipX": 0.0, "y": 448.0, "flipY": 0.0 }, "object": 517.0 }, { "layer": 0.0, "deleted": 0.0, "variables": { "x": 896.0, "flipX": 0.0, "y": 352.0, "flipY": 0.0 }, "object": 517.0 }, { "layer": 0.0, "deleted": 0.0, "variables": { "x": 928.0, "flipX": 0.0, "y": 352.0, "flipY": 0.0 }, "object": 517.0 }, { "layer": 0.0, "deleted": 0.0, "variables": { "x": 928.0, "flipX": 0.0, "y": 320.0, "flipY": 0.0 }, "object": 517.0 }, { "layer": 0.0, "deleted": 0.0, "variables": { "x": 896.0, "flipX": 0.0, "y": 320.0, "flipY": 0.0 }, "object": 517.0 }, { "layer": 0.0, "deleted": 0.0, "variables": { "x": 928.0, "flipX": 0.0, "y": 288.0, "flipY": 0.0 }, "object": 517.0 }, { "layer": 0.0, "deleted": 0.0, "variables": { "x": 928.0, "flipX": 0.0, "y": 256.0, "flipY": 0.0 }, "object": 517.0 }, { "layer": 0.0, "deleted": 0.0, "variables": { "x": 960.0, "flipX": 0.0, "y": 224.0, "flipY": 0.0 }, "object": 517.0 }, { "layer": 0.0, "deleted": 0.0, "variables": { "x": 960.0, "flipX": 0.0, "y": 192.0, "flipY": 0.0 }, "object": 517.0 }, { "layer": 0.0, "deleted": 0.0, "variables": { "x": 960.0, "flipX": 0.0, "y": 160.0, "flipY": 0.0 }, "object": 517.0 }, { "layer": 0.0, "deleted": 0.0, "variables": { "x": 928.0, "flipX": 0.0, "y": 128.0, "flipY": 0.0 }, "object": 517.0 }, { "layer": 0.0, "deleted": 0.0, "variables": { "x": 928.0, "flipX": 0.0, "y": 96.0, "flipY": 0.0 }, "object": 517.0 }, { "layer": 0.0, "deleted": 0.0, "variables": { "x": 928.0, "flipX": 0.0, "y": 64.0, "flipY": 0.0 }, "object": 517.0 }, { "layer": 0.0, "deleted": 0.0, "variables": { "x": 928.0, "flipX": 0.0, "y": 32.0, "flipY": 0.0 }, "object": 517.0 }, { "layer": 0.0, "deleted": 0.0, "variables": { "x": 928.0, "flipX": 0.0, "y": 0.0, "flipY": 0.0 }, "object": 517.0 }, { "layer": 0.0, "deleted": 0.0, "variables": { "x": 896.0, "flipX": 0.0, "y": 0.0, "flipY": 0.0 }, "object": 517.0 }, { "layer": 0.0, "deleted": 0.0, "variables": { "x": 864.0, "flipX": 0.0, "y": 0.0, "flipY": 0.0 }, "object": 517.0 }, { "layer": 0.0, "deleted": 0.0, "variables": { "x": 864.0, "flipX": 0.0, "y": 32.0, "flipY": 0.0 }, "object": 517.0 }, { "layer": 0.0, "deleted": 0.0, "variables": { "x": 896.0, "flipX": 0.0, "y": 32.0, "flipY": 0.0 }, "object": 517.0 }, { "layer": 0.0, "deleted": 0.0, "variables": { "x": 896.0, "flipX": 0.0, "y": 64.0, "flipY": 0.0 }, "object": 517.0 }, { "layer": 0.0, "deleted": 0.0, "variables": { "x": 896.0, "flipX": 0.0, "y": 96.0, "flipY": 0.0 }, "object": 517.0 }, { "layer": 0.0, "deleted": 0.0, "variables": { "x": 928.0, "flipX": 0.0, "y": 96.0, "flipY": 0.0 }, "object": 517.0 }, { "layer": 0.0, "deleted": 0.0, "variables": { "x": 928.0, "flipX": 0.0, "y": 128.0, "flipY": 0.0 }, "object": 517.0 }, { "layer": 0.0, "deleted": 0.0, "variables": { "x": 896.0, "flipX": 0.0, "y": 128.0, "flipY": 0.0 }, "object": 517.0 }, { "layer": 0.0, "deleted": 0.0, "variables": { "x": 896.0, "flipX": 0.0, "y": 160.0, "flipY": 0.0 }, "object": 517.0 }, { "layer": 0.0, "deleted": 0.0, "variables": { "x": 896.0, "flipX": 0.0, "y": 192.0, "flipY": 0.0 }, "object": 517.0 }, { "layer": 0.0, "deleted": 0.0, "variables": { "x": 896.0, "flipX": 0.0, "y": 224.0, "flipY": 0.0 }, "object": 517.0 }, { "layer": 0.0, "deleted": 0.0, "variables": { "x": 896.0, "flipX": 0.0, "y": 256.0, "flipY": 0.0 }, "object": 517.0 }, { "layer": 0.0, "deleted": 0.0, "variables": { "x": 928.0, "flipX": 0.0, "y": 224.0, "flipY": 0.0 }, "object": 517.0 }, { "layer": 0.0, "deleted": 0.0, "variables": { "x": 960.0, "flipX": 0.0, "y": 224.0, "flipY": 0.0 }, "object": 517.0 }, { "layer": 0.0, "deleted": 0.0, "variables": { "x": 960.0, "flipX": 0.0, "y": 192.0, "flipY": 0.0 }, "object": 517.0 }, { "layer": 0.0, "deleted": 0.0, "variables": { "x": 960.0, "flipX": 0.0, "y": 160.0, "flipY": 0.0 }, "object": 517.0 }, { "layer": 0.0, "deleted": 0.0, "variables": { "x": 928.0, "flipX": 0.0, "y": 160.0, "flipY": 0.0 }, "object": 517.0 }, { "layer": 0.0, "deleted": 0.0, "variables": { "x": 928.0, "flipX": 0.0, "y": 192.0, "flipY": 0.0 }, "object": 517.0 }, { "layer": 0.0, "deleted": 0.0, "variables": { "x": 928.0, "flipX": 0.0, "y": 224.0, "flipY": 0.0 }, "object": 517.0 }, { "layer": 0.0, "deleted": 0.0, "variables": { "x": 896.0, "flipX": 0.0, "y": 224.0, "flipY": 0.0 }, "object": 517.0 }, { "layer": 0.0, "deleted": 0.0, "variables": { "x": 896.0, "flipX": 0.0, "y": 256.0, "flipY": 0.0 }, "object": 517.0 }, { "layer": 0.0, "deleted": 0.0, "variables": { "x": 896.0, "flipX": 0.0, "y": 288.0, "flipY": 0.0 }, "object": 517.0 }, { "layer": 0.0, "deleted": 0.0, "variables": { "x": 0.0, "flipX": 0.0, "y": 352.0, "flipY": 0.0 }, "object": 517.0 }, { "layer": 0.0, "deleted": 0.0, "variables": { "x": 32.0, "flipX": 0.0, "y": 352.0, "flipY": 0.0 }, "object": 517.0 }, { "layer": 0.0, "deleted": 0.0, "variables": { "x": 32.0, "flipX": 0.0, "y": 320.0, "flipY": 0.0 }, "object": 517.0 }, { "layer": 0.0, "deleted": 0.0, "variables": { "x": 0.0, "flipX": 0.0, "y": 288.0, "flipY": 0.0 }, "object": 517.0 }, { "layer": 0.0, "deleted": 0.0, "variables": { "x": 32.0, "flipX": 0.0, "y": 288.0, "flipY": 0.0 }, "object": 517.0 }, { "layer": 0.0, "deleted": 0.0, "variables": { "x": 0.0, "flipX": 0.0, "y": 288.0, "flipY": 0.0 }, "object": 517.0 }, { "layer": 0.0, "deleted": 0.0, "variables": { "x": 0.0, "flipX": 0.0, "y": 320.0, "flipY": 0.0 }, "object": 517.0 }, { "layer": 0.0, "deleted": 0.0, "variables": { "x": 0.0, "flipX": 0.0, "y": 288.0, "flipY": 0.0 }, "object": 517.0 }, { "layer": 0.0, "deleted": 0.0, "variables": { "x": 0.0, "flipX": 0.0, "y": 256.0, "flipY": 0.0 }, "object": 517.0 }, { "layer": 0.0, "deleted": 0.0, "variables": { "x": 32.0, "flipX": 0.0, "y": 256.0, "flipY": 0.0 }, "object": 517.0 }, { "layer": 0.0, "deleted": 0.0, "variables": { "x": 896.0, "flipX": 0.0, "y": 416.0, "flipY": 0.0 }, "object": 517.0 }, { "layer": 0.0, "deleted": 0.0, "variables": { "x": 32.0, "flipX": 0.0, "y": 256.0, "flipY": 0.0 }, "object": 517.0 }, { "layer": 0.0, "deleted": 0.0, "variables": { "x": 32.0, "flipX": 0.0, "y": 224.0, "flipY": 0.0 }, "object": 517.0 }, { "layer": 0.0, "deleted": 0.0, "variables": { "x": 0.0, "flipX": 0.0, "y": 224.0, "flipY": 0.0 }, "object": 517.0 }, { "layer": 0.0, "deleted": 0.0, "variables": { "x": 0.0, "flipX": 0.0, "y": 192.0, "flipY": 0.0 }, "object": 517.0 }, { "layer": 0.0, "deleted": 0.0, "variables": { "x": 0.0, "flipX": 0.0, "y": 160.0, "flipY": 0.0 }, "object": 517.0 }, { "layer": 0.0, "deleted": 0.0, "variables": { "x": 32.0, "flipX": 0.0, "y": 160.0, "flipY": 0.0 }, "object": 517.0 }, { "layer": 0.0, "deleted": 0.0, "variables": { "x": 32.0, "flipX": 0.0, "y": 128.0, "flipY": 0.0 }, "object": 517.0 }, { "layer": 0.0, "deleted": 0.0, "variables": { "x": 32.0, "flipX": 0.0, "y": 160.0, "flipY": 0.0 }, "object": 517.0 }, { "layer": 0.0, "deleted": 0.0, "variables": { "x": 32.0, "flipX": 0.0, "y": 192.0, "flipY": 0.0 }, "object": 517.0 }, { "layer": 0.0, "deleted": 0.0, "variables": { "x": 32.0, "flipX": 0.0, "y": 160.0, "flipY": 0.0 }, "object": 517.0 }, { "layer": 0.0, "deleted": 0.0, "variables": { "x": 0.0, "flipX": 0.0, "y": 160.0, "flipY": 0.0 }, "object": 517.0 }, { "layer": 0.0, "deleted": 0.0, "variables": { "x": 0.0, "flipX": 0.0, "y": 128.0, "flipY": 0.0 }, "object": 517.0 }, { "layer": 0.0, "deleted": 0.0, "variables": { "x": 0.0, "flipX": 0.0, "y": 96.0, "flipY": 0.0 }, "object": 517.0 }, { "layer": 0.0, "deleted": 0.0, "variables": { "x": 32.0, "flipX": 0.0, "y": 96.0, "flipY": 0.0 }, "object": 517.0 }, { "layer": 0.0, "deleted": 0.0, "variables": { "x": 32.0, "flipX": 0.0, "y": 64.0, "flipY": 0.0 }, "object": 517.0 }, { "layer": 0.0, "deleted": 0.0, "variables": { "x": 0.0, "flipX": 0.0, "y": 64.0, "flipY": 0.0 }, "object": 517.0 }, { "layer": 0.0, "deleted": 0.0, "variables": { "x": 0.0, "flipX": 0.0, "y": 32.0, "flipY": 0.0 }, "object": 517.0 }, { "layer": 0.0, "deleted": 0.0, "variables": { "x": 32.0, "flipX": 0.0, "y": 32.0, "flipY": 0.0 }, "object": 517.0 }, { "layer": 0.0, "deleted": 0.0, "variables": { "x": 0.0, "flipX": 0.0, "y": 0.0, "flipY": 0.0 }, "object": 517.0 }, { "layer": 0.0, "deleted": 0.0, "variables": { "x": 32.0, "flipX": 0.0, "y": 0.0, "flipY": 0.0 }, "object": 517.0 }, { "layer": 0.0, "deleted": 0.0, "variables": { "x": 64.0, "flipX": 0.0, "y": 0.0, "flipY": 0.0 }, "object": 517.0 }, { "layer": 0.0, "deleted": 0.0, "variables": { "x": 96.0, "flipX": 0.0, "y": 0.0, "flipY": 0.0 }, "object": 517.0 }, { "layer": 0.0, "deleted": 0.0, "variables": { "x": 128.0, "flipX": 0.0, "y": 0.0, "flipY": 0.0 }, "object": 517.0 }, { "layer": 0.0, "deleted": 0.0, "variables": { "x": 160.0, "flipX": 0.0, "y": -32.0, "flipY": 0.0 }, "object": 517.0 }, { "layer": 0.0, "deleted": 0.0, "variables": { "x": 192.0, "flipX": 0.0, "y": -32.0, "flipY": 0.0 }, "object": 517.0 }, { "layer": 0.0, "deleted": 0.0, "variables": { "x": 192.0, "flipX": 0.0, "y": 0.0, "flipY": 0.0 }, "object": 517.0 }, { "layer": 0.0, "deleted": 0.0, "variables": { "x": 224.0, "flipX": 0.0, "y": 0.0, "flipY": 0.0 }, "object": 517.0 }, { "layer": 0.0, "deleted": 0.0, "variables": { "x": 192.0, "flipX": 0.0, "y": 0.0, "flipY": 0.0 }, "object": 517.0 }, { "layer": 0.0, "deleted": 0.0, "variables": { "x": 160.0, "flipX": 0.0, "y": 0.0, "flipY": 0.0 }, "object": 517.0 }, { "layer": 0.0, "deleted": 0.0, "variables": { "x": 128.0, "flipX": 0.0, "y": 0.0, "flipY": 0.0 }, "object": 517.0 }, { "layer": 0.0, "deleted": 0.0, "variables": { "x": 96.0, "flipX": 0.0, "y": 0.0, "flipY": 0.0 }, "object": 517.0 }, { "layer": 0.0, "deleted": 0.0, "variables": { "x": 128.0, "flipX": 0.0, "y": 0.0, "flipY": 0.0 }, "object": 517.0 }, { "layer": 0.0, "deleted": 0.0, "variables": { "x": 160.0, "flipX": 0.0, "y": 0.0, "flipY": 0.0 }, "object": 517.0 }, { "layer": 0.0, "deleted": 0.0, "variables": { "x": 192.0, "flipX": 0.0, "y": 0.0, "flipY": 0.0 }, "object": 517.0 }, { "layer": 0.0, "deleted": 0.0, "variables": { "x": 224.0, "flipX": 0.0, "y": 0.0, "flipY": 0.0 }, "object": 517.0 }, { "layer": 0.0, "deleted": 0.0, "variables": { "x": 256.0, "flipX": 0.0, "y": 0.0, "flipY": 0.0 }, "object": 517.0 }, { "layer": 0.0, "deleted": 0.0, "variables": { "x": 288.0, "flipX": 0.0, "y": 0.0, "flipY": 0.0 }, "object": 517.0 }, { "layer": 0.0, "deleted": 0.0, "variables": { "x": 320.0, "flipX": 0.0, "y": 0.0, "flipY": 0.0 }, "object": 517.0 }, { "layer": 0.0, "deleted": 0.0, "variables": { "x": 352.0, "flipX": 0.0, "y": 0.0, "flipY": 0.0 }, "object": 517.0 }, { "layer": 0.0, "deleted": 0.0, "variables": { "x": 384.0, "flipX": 0.0, "y": 0.0, "flipY": 0.0 }, "object": 517.0 }, { "layer": 0.0, "deleted": 0.0, "variables": { "x": 416.0, "flipX": 0.0, "y": 0.0, "flipY": 0.0 }, "object": 517.0 }, { "layer": 0.0, "deleted": 0.0, "variables": { "x": 448.0, "flipX": 0.0, "y": 0.0, "flipY": 0.0 }, "object": 517.0 }, { "layer": 0.0, "deleted": 0.0, "variables": { "x": 480.0, "flipX": 0.0, "y": 0.0, "flipY": 0.0 }, "object": 517.0 }, { "layer": 0.0, "deleted": 0.0, "variables": { "x": 512.0, "flipX": 0.0, "y": 0.0, "flipY": 0.0 }, "object": 517.0 }, { "layer": 0.0, "deleted": 0.0, "variables": { "x": 544.0, "flipX": 0.0, "y": 0.0, "flipY": 0.0 }, "object": 517.0 }, { "layer": 0.0, "deleted": 0.0, "variables": { "x": 576.0, "flipX": 0.0, "y": 0.0, "flipY": 0.0 }, "object": 517.0 }, { "layer": 0.0, "deleted": 0.0, "variables": { "x": 608.0, "flipX": 0.0, "y": 0.0, "flipY": 0.0 }, "object": 517.0 }, { "layer": 0.0, "deleted": 0.0, "variables": { "x": 640.0, "flipX": 0.0, "y": 0.0, "flipY": 0.0 }, "object": 517.0 }, { "layer": 0.0, "deleted": 0.0, "variables": { "x": 640.0, "flipX": 0.0, "y": 32.0, "flipY": 0.0 }, "object": 517.0 }, { "layer": 0.0, "deleted": 0.0, "variables": { "x": 672.0, "flipX": 0.0, "y": 32.0, "flipY": 0.0 }, "object": 517.0 }, { "layer": 0.0, "deleted": 0.0, "variables": { "x": 672.0, "flipX": 0.0, "y": 0.0, "flipY": 0.0 }, "object": 517.0 }, { "layer": 0.0, "deleted": 0.0, "variables": { "x": 704.0, "flipX": 0.0, "y": 0.0, "flipY": 0.0 }, "object": 517.0 }, { "layer": 0.0, "deleted": 0.0, "variables": { "x": 736.0, "flipX": 0.0, "y": 0.0, "flipY": 0.0 }, "object": 517.0 }, { "layer": 0.0, "deleted": 0.0, "variables": { "x": 768.0, "flipX": 0.0, "y": 0.0, "flipY": 0.0 }, "object": 517.0 }, { "layer": 0.0, "deleted": 0.0, "variables": { "x": 800.0, "flipX": 0.0, "y": 0.0, "flipY": 0.0 }, "object": 517.0 }, { "layer": 0.0, "deleted": 0.0, "variables": { "x": 832.0, "flipX": 0.0, "y": 0.0, "flipY": 0.0 }, "object": 517.0 }, { "layer": 0.0, "deleted": 0.0, "variables": { "x": 864.0, "flipX": 0.0, "y": 0.0, "flipY": 0.0 }, "object": 517.0 }, { "layer": 0.0, "deleted": 0.0, "variables": { "x": 864.0, "flipX": 0.0, "y": 32.0, "flipY": 0.0 }, "object": 517.0 }, { "layer": 0.0, "deleted": 0.0, "variables": { "x": 832.0, "flipX": 0.0, "y": 32.0, "flipY": 0.0 }, "object": 517.0 }, { "layer": 0.0, "deleted": 0.0, "variables": { "x": 800.0, "flipX": 0.0, "y": 32.0, "flipY": 0.0 }, "object": 517.0 }, { "layer": 0.0, "deleted": 0.0, "variables": { "x": 768.0, "flipX": 0.0, "y": 32.0, "flipY": 0.0 }, "object": 517.0 }, { "layer": 0.0, "deleted": 0.0, "variables": { "x": 736.0, "flipX": 0.0, "y": 32.0, "flipY": 0.0 }, "object": 517.0 }, { "layer": 0.0, "deleted": 0.0, "variables": { "x": 704.0, "flipX": 0.0, "y": 32.0, "flipY": 0.0 }, "object": 517.0 }, { "layer": 0.0, "deleted": 0.0, "variables": { "x": 672.0, "flipX": 0.0, "y": 32.0, "flipY": 0.0 }, "object": 517.0 }, { "layer": 0.0, "deleted": 0.0, "variables": { "x": 640.0, "flipX": 0.0, "y": 32.0, "flipY": 0.0 }, "object": 517.0 }, { "layer": 0.0, "deleted": 0.0, "variables": { "x": 608.0, "flipX": 0.0, "y": 32.0, "flipY": 0.0 }, "object": 517.0 }, { "layer": 0.0, "deleted": 0.0, "variables": { "x": 576.0, "flipX": 0.0, "y": 32.0, "flipY": 0.0 }, "object": 517.0 }, { "layer": 0.0, "deleted": 0.0, "variables": { "x": 544.0, "flipX": 0.0, "y": 32.0, "flipY": 0.0 }, "object": 517.0 }, { "layer": 0.0, "deleted": 0.0, "variables": { "x": 512.0, "flipX": 0.0, "y": 32.0, "flipY": 0.0 }, "object": 517.0 }, { "layer": 0.0, "deleted": 0.0, "variables": { "x": 480.0, "flipX": 0.0, "y": 32.0, "flipY": 0.0 }, "object": 517.0 }, { "layer": 0.0, "deleted": 0.0, "variables": { "x": 448.0, "flipX": 0.0, "y": 32.0, "flipY": 0.0 }, "object": 517.0 }, { "layer": 0.0, "deleted": 0.0, "variables": { "x": 896.0, "flipX": 0.0, "y": 384.0, "flipY": 0.0 }, "object": 517.0 }, { "layer": 0.0, "deleted": 0.0, "variables": { "x": 32.0, "flipX": 0.0, "y": 384.0, "flipY": 0.0 }, "object": 517.0 }, { "layer": 0.0, "deleted": 0.0, "variables": { "x": 32.0, "flipX": 0.0, "y": 416.0, "flipY": 0.0 }, "object": 517.0 }, { "layer": 0.0, "deleted": 0.0, "variables": { "x": 0.0, "flipX": 0.0, "y": 416.0, "flipY": 0.0 }, "object": 517.0 }, { "layer": 0.0, "deleted": 0.0, "variables": { "x": 0.0, "flipX": 0.0, "y": 384.0, "flipY": 0.0 }, "object": 517.0 }, { "layer": 0.0, "deleted": 0.0, "variables": { "x": 320.0, "flipX": 0.0, "y": 32.0, "flipY": 0.0 }, "object": 517.0 }, { "layer": 0.0, "deleted": 0.0, "variables": { "x": 288.0, "flipX": 0.0, "y": 32.0, "flipY": 0.0 }, "object": 517.0 }, { "layer": 0.0, "deleted": 0.0, "variables": { "x": 352.0, "flipX": 0.0, "y": 32.0, "flipY": 0.0 }, "object": 517.0 }, { "layer": 0.0, "deleted": 0.0, "variables": { "x": 416.0, "flipX": 0.0, "y": 32.0, "flipY": 0.0 }, "object": 517.0 }, { "layer": 0.0, "deleted": 0.0, "variables": { "x": 448.0, "flipX": 0.0, "y": 32.0, "flipY": 0.0 }, "object": 517.0 }, { "layer": 0.0, "deleted": 0.0, "variables": { "x": 480.0, "flipX": 0.0, "y": 32.0, "flipY": 0.0 }, "object": 517.0 }, { "layer": 0.0, "deleted": 0.0, "variables": { "x": 512.0, "flipX": 0.0, "y": 32.0, "flipY": 0.0 }, "object": 517.0 }, { "layer": 0.0, "deleted": 0.0, "variables": { "x": 480.0, "flipX": 0.0, "y": 32.0, "flipY": 0.0 }, "object": 517.0 }, { "layer": 0.0, "deleted": 0.0, "variables": { "x": 448.0, "flipX": 0.0, "y": 32.0, "flipY": 0.0 }, "object": 517.0 }, { "layer": 0.0, "deleted": 0.0, "variables": { "x": 416.0, "flipX": 0.0, "y": 32.0, "flipY": 0.0 }, "object": 517.0 }, { "layer": 0.0, "deleted": 0.0, "variables": { "x": 384.0, "flipX": 0.0, "y": 32.0, "flipY": 0.0 }, "object": 517.0 }, { "layer": 0.0, "deleted": 0.0, "variables": { "x": 352.0, "flipX": 0.0, "y": 32.0, "flipY": 0.0 }, "object": 517.0 }, { "layer": 0.0, "deleted": 0.0, "variables": { "x": 320.0, "flipX": 0.0, "y": 32.0, "flipY": 0.0 }, "object": 517.0 }, { "layer": 0.0, "deleted": 0.0, "variables": { "x": 288.0, "flipX": 0.0, "y": 32.0, "flipY": 0.0 }, "object": 517.0 }, { "layer": 0.0, "deleted": 0.0, "variables": { "x": 256.0, "flipX": 0.0, "y": 32.0, "flipY": 0.0 }, "object": 517.0 }, { "layer": 0.0, "deleted": 0.0, "variables": { "x": 224.0, "flipX": 0.0, "y": 32.0, "flipY": 0.0 }, "object": 517.0 }, { "layer": 0.0, "deleted": 0.0, "variables": { "x": 192.0, "flipX": 0.0, "y": 32.0, "flipY": 0.0 }, "object": 517.0 }, { "layer": 0.0, "deleted": 0.0, "variables": { "x": 160.0, "flipX": 0.0, "y": 32.0, "flipY": 0.0 }, "object": 517.0 }, { "layer": 0.0, "deleted": 0.0, "variables": { "x": 128.0, "flipX": 0.0, "y": 32.0, "flipY": 0.0 }, "object": 517.0 }, { "layer": 0.0, "deleted": 0.0, "variables": { "x": 96.0, "flipX": 0.0, "y": 32.0, "flipY": 0.0 }, "object": 517.0 }, { "layer": 0.0, "deleted": 0.0, "variables": { "x": 64.0, "flipX": 0.0, "y": 32.0, "flipY": 0.0 }, "object": 517.0 }, { "layer": 0.0, "deleted": 0.0, "variables": { "x": 928.0, "flipX": 0.0, "y": 416.0, "flipY": 0.0 }, "object": 517.0 }, { "layer": 0.0, "deleted": 0.0, "variables": { "x": 928.0, "flipX": 0.0, "y": 384.0, "flipY": 0.0 }, "object": 517.0 }, { "layer": 0.0, "deleted": 0.0, "variables": { "x": -2944.0, "flipX": 0.0, "y": 1248.0, "flipY": 0.0 }, "object": 517.0 }, { "layer": 2.0, "deleted": 0.0, "variables": { "x": 128.0, "flipX": 1.0, "y": 416.0, "flipY": 0.0 }, "object": 516.0 }, { "layer": 0.0, "deleted": 0.0, "variables": { "x": 704.0, "flipX": 0.0, "y": 352.0, "flipY": 0.0 }, "object": 795.0 }, { "layer": 2.0, "deleted": 0.0, "variables": { "x": 64.0, "flipX": 1.0, "y": 384.0, "flipY": 0.0 }, "object": 517.0 }, { "layer": 2.0, "deleted": 0.0, "variables": { "x": 64.0, "flipX": 1.0, "y": 352.0, "flipY": 0.0 }, "object": 516.0 }, { "layer": 2.0, "deleted": 0.0, "variables": { "x": 96.0, "flipX": 1.0, "y": 384.0, "flipY": 0.0 }, "object": 516.0 }, { "layer": 2.0, "deleted": 0.0, "variables": { "x": -512.0, "flipX": 0.0, "y": 448.0, "flipY": 0.0 }, "object": 516.0 }, { "layer": 2.0, "deleted": 0.0, "variables": { "x": 64.0, "flipX": 1.0, "y": 416.0, "flipY": 0.0 }, "object": 517.0 }, { "layer": 2.0, "deleted": 0.0, "variables": { "x": 96.0, "flipX": 1.0, "y": 416.0, "flipY": 0.0 }, "object": 517.0 }, { "layer": 2.0, "deleted": 0.0, "variables": { "x": 864.0, "flipX": 1.0, "y": 336.0, "flipY": 0.0 }, "object": 769.0 }, { "layer": 2.0, "deleted": 1.0, "variables": { "x": 192.0, "flipX": 0.0, "y": 416.0, "flipY": 0.0 }, "object": 763.0 }, { "layer": 2.0, "deleted": 1.0, "variables": { "x": 256.0, "flipX": 0.0, "y": 416.0, "flipY": 0.0 }, "object": 763.0 }, { "layer": 2.0, "deleted": 1.0, "variables": { "x": 288.0, "flipX": 0.0, "y": 416.0, "flipY": 0.0 }, "object": 763.0 }, { "layer": 2.0, "deleted": 1.0, "variables": { "x": 288.0, "flipX": 0.0, "y": 384.0, "flipY": 0.0 }, "object": 763.0 }, { "layer": 2.0, "deleted": 0.0, "variables": { "x": 704.0, "flipX": 0.0, "content": "obj_pizzakinpineapple", "flipY": 0.0, "y": 416.0 }, "object": 751.0 }, { "layer": 2.0, "deleted": 1.0, "variables": { "x": 352.0, "flipX": 0.0, "y": 384.0, "flipY": 0.0 }, "object": 763.0 }, { "layer": 2.0, "deleted": 1.0, "variables": { "x": 384.0, "flipX": 0.0, "y": 384.0, "flipY": 0.0 }, "object": 763.0 }, { "layer": 2.0, "deleted": 1.0, "variables": { "x": 384.0, "flipX": 0.0, "y": 416.0, "flipY": 0.0 }, "object": 763.0 }, { "layer": 2.0, "deleted": 1.0, "variables": { "x": 416.0, "flipX": 0.0, "y": 416.0, "flipY": 0.0 }, "object": 763.0 }, { "layer": 2.0, "deleted": 1.0, "variables": { "x": 384.0, "flipX": 0.0, "y": 416.0, "flipY": 0.0 }, "object": 763.0 }, { "layer": 2.0, "deleted": 1.0, "variables": { "x": 352.0, "flipX": 0.0, "y": 384.0, "flipY": 0.0 }, "object": 763.0 }, { "layer": 2.0, "deleted": 1.0, "variables": { "x": 320.0, "flipX": 0.0, "y": 384.0, "flipY": 0.0 }, "object": 763.0 }, { "layer": 2.0, "deleted": 1.0, "variables": { "x": 288.0, "flipX": 0.0, "y": 384.0, "flipY": 0.0 }, "object": 763.0 }, { "layer": 2.0, "deleted": 1.0, "variables": { "x": 288.0, "flipX": 0.0, "y": 416.0, "flipY": 0.0 }, "object": 763.0 }, { "layer": 2.0, "deleted": 1.0, "variables": { "x": 320.0, "flipX": 0.0, "y": 416.0, "flipY": 0.0 }, "object": 763.0 }, { "layer": 2.0, "deleted": 1.0, "variables": { "x": 352.0, "flipX": 0.0, "y": 416.0, "flipY": 0.0 }, "object": 763.0 }, { "layer": 2.0, "deleted": 1.0, "variables": { "x": 416.0, "flipX": 0.0, "y": 384.0, "flipY": 0.0 }, "object": 763.0 }, { "layer": 2.0, "deleted": 1.0, "variables": { "x": 224.0, "flipX": 0.0, "y": 416.0, "flipY": 0.0 }, "object": 763.0 }, { "layer": 2.0, "deleted": 1.0, "variables": { "x": 192.0, "flipX": 0.0, "y": 416.0, "flipY": 0.0 }, "object": 763.0 }, { "layer": 2.0, "deleted": 1.0, "variables": { "x": 192.0, "flipX": 0.0, "y": 384.0, "flipY": 0.0 }, "object": 763.0 }, { "layer": 2.0, "deleted": 1.0, "variables": { "x": 224.0, "flipX": 0.0, "y": 384.0, "flipY": 0.0 }, "object": 763.0 }, { "layer": 2.0, "deleted": 1.0, "variables": { "x": 256.0, "flipX": 0.0, "y": 384.0, "flipY": 0.0 }, "object": 763.0 }, { "layer": 2.0, "deleted": 0.0, "variables": { "x": 448.0, "flipX": 0.0, "y": 416.0, "flipY": 0.0 }, "object": 751.0 }, { "layer": 2.0, "deleted": 0.0, "variables": { "x": 512.0, "flipX": 0.0, "content": "obj_pizzakincheese", "flipY": 0.0, "y": 416.0 }, "object": 751.0 }, { "layer": 2.0, "deleted": 0.0, "variables": { "x": 576.0, "flipX": 0.0, "content": "obj_pizzakintomato", "flipY": 0.0, "y": 416.0 }, "object": 751.0 }, { "layer": 2.0, "deleted": 1.0, "variables": { "x": 640.0, "flipX": 0.0, "y": 416.0, "flipY": 0.0 }, "object": 751.0 }, { "layer": 2.0, "deleted": 1.0, "variables": { "x": 672.0, "flipX": 0.0, "y": 416.0, "flipY": 0.0 }, "object": 751.0 }, { "layer": 2.0, "deleted": 1.0, "variables": { "x": 736.0, "flipX": 0.0, "y": 416.0, "flipY": 0.0 }, "object": 751.0 }, { "layer": 2.0, "deleted": 0.0, "variables": { "x": 640.0, "flipX": 0.0, "content": "obj_pizzakinsausage", "flipY": 0.0, "y": 416.0 }, "object": 751.0 }, { "layer": 2.0, "deleted": 1.0, "variables": { "x": 512.0, "flipX": 0.0, "y": 352.0, "flipY": 0.0 }, "object": 751.0 }, { "layer": 2.0, "deleted": 1.0, "variables": { "x": 576.0, "flipX": 0.0, "y": 352.0, "flipY": 0.0 }, "object": 751.0 }, { "layer": 2.0, "deleted": 1.0, "variables": { "x": 640.0, "flipX": 0.0, "y": 384.0, "flipY": 0.0 }, "object": 751.0 }, { "layer": 2.0, "deleted": 1.0, "variables": { "x": 224.0, "flipX": 0.0, "y": 256.0, "flipY": 0.0 }, "object": 288.0 }, { "layer": 0.0, "deleted": 1.0, "variables": { "x": 384.0, "flipX": 0.0, "content": "obj_pizzaboxunopen", "flipY": 0.0, "y": 416.0 }, "object": 751.0 } ], "tile_data": { "5": { "928_416": { "coord": [ 7.0, 5.0 ], "autotile_index": 0.0, "tileset": "tile_entrance1", "autotile": 0.0 }, "160_512": { "autotile": 0.0, "autotile_index": 0.0, "tileset": "tile_entrance1", "coord": [ 0.0, 13.0 ] }, "416_448": { "coord": [ 0.0, 12.0 ], "autotile_index": 0.0, "tileset": "tile_entrance1", "autotile": 0.0 }, "160_32": { "autotile": 0.0, "autotile_index": 0.0, "tileset": "tile_entrance1", "coord": [ 0.0, 13.0 ] }, "32_96": { "autotile": 0.0, "autotile_index": 0.0, "tileset": "tile_entrance1", "coord": [ 0.0, 13.0 ] }, "928_384": { "coord": [ 7.0, 5.0 ], "autotile_index": 0.0, "tileset": "tile_entrance1", "autotile": 0.0 }, "544_480": { "autotile": 0.0, "autotile_index": 0.0, "tileset": "tile_entrance1", "coord": [ 0.0, 13.0 ] }, "672_448": { "coord": [ 0.0, 12.0 ], "autotile_index": 0.0, "tileset": "tile_entrance1", "autotile": 0.0 }, "768_448": { "coord": [ 0.0, 12.0 ], "autotile_index": 0.0, "tileset": "tile_entrance1", "autotile": 0.0 }, "32_416": { "autotile": 0.0, "autotile_index": 0.0, "tileset": "tile_entrance1", "coord": [ 0.0, 13.0 ] }, "256_32": { "autotile": 0.0, "autotile_index": 0.0, "tileset": "tile_entrance1", "coord": [ 0.0, 13.0 ] }, "896_224": { "coord": [ 0.0, 13.0 ], "autotile_index": 0.0, "tileset": "tile_entrance1", "autotile": 0.0 }, "288_32": { "autotile": 0.0, "autotile_index": 0.0, "tileset": "tile_entrance1", "coord": [ 0.0, 13.0 ] }, "288_512": { "autotile": 0.0, "autotile_index": 0.0, "tileset": "tile_entrance1", "coord": [ 0.0, 13.0 ] }, "0_192": { "autotile": 0.0, "autotile_index": 0.0, "tileset": "tile_entrance1", "coord": [ 0.0, 13.0 ] }, "0_448": { "autotile": 0.0, "autotile_index": 0.0, "tileset": "tile_entrance1", "coord": [ 7.0, 5.0 ] }, "64_0": { "autotile": 0.0, "autotile_index": 0.0, "tileset": "tile_entrance1", "coord": [ 7.0, 5.0 ] }, "0_320": { "autotile": 0.0, "autotile_index": 0.0, "tileset": "tile_entrance1", "coord": [ 0.0, 13.0 ] }, "480_480": { "autotile": 0.0, "autotile_index": 0.0, "tileset": "tile_entrance1", "coord": [ 0.0, 13.0 ] }, "800_32": { "autotile": 0.0, "autotile_index": 0.0, "tileset": "tile_entrance1", "coord": [ 0.0, 13.0 ] }, "352_448": { "coord": [ 0.0, 12.0 ], "autotile_index": 0.0, "tileset": "tile_entrance1", "autotile": 0.0 }, "384_512": { "autotile": 0.0, "autotile_index": 0.0, "tileset": "tile_entrance1", "coord": [ 0.0, 13.0 ] }, "512_480": { "autotile": 0.0, "autotile_index": 0.0, "tileset": "tile_entrance1", "coord": [ 0.0, 13.0 ] }, "0_64": { "autotile": 0.0, "autotile_index": 0.0, "tileset": "tile_entrance1", "coord": [ 7.0, 5.0 ] }, "192_32": { "autotile": 0.0, "autotile_index": 0.0, "tileset": "tile_entrance1", "coord": [ 0.0, 13.0 ] }, "800_448": { "coord": [ 0.0, 12.0 ], "autotile_index": 0.0, "tileset": "tile_entrance1", "autotile": 0.0 }, "416_480": { "autotile": 0.0, "autotile_index": 0.0, "tileset": "tile_entrance1", "coord": [ 0.0, 13.0 ] }, "928_160": { "autotile": 0.0, "autotile_index": 0.0, "tileset": "tile_entrance1", "coord": [ 0.0, 13.0 ] }, "-480_-192": { "autotile": 0.0, "autotile_index": 0.0, "tileset": "tile_entrance1", "coord": [ 0.0, 13.0 ] }, "512_448": { "coord": [ 0.0, 12.0 ], "autotile_index": 0.0, "tileset": "tile_entrance1", "autotile": 0.0 }, "864_448": { "coord": [ 0.0, 12.0 ], "autotile_index": 0.0, "tileset": "tile_entrance1", "autotile": 0.0 }, "384_32": { "autotile": 0.0, "autotile_index": 0.0, "tileset": "tile_entrance1", "coord": [ 0.0, 13.0 ] }, "96_384": { "coord": [ 1.0, 10.0 ], "autotile_index": 0.0, "tileset": "tile_entrance1", "autotile": 0.0 }, "288_448": { "coord": [ 0.0, 12.0 ], "autotile_index": 0.0, "tileset": "tile_entrance1", "autotile": 0.0 }, "800_0": { "autotile": 0.0, "autotile_index": 0.0, "tileset": "tile_entrance1", "coord": [ 7.0, 5.0 ] }, "160_480": { "autotile": 0.0, "autotile_index": 0.0, "tileset": "tile_entrance1", "coord": [ 0.0, 13.0 ] }, "320_480": { "autotile": 0.0, "autotile_index": 0.0, "tileset": "tile_entrance1", "coord": [ 0.0, 13.0 ] }, "928_256": { "autotile": 0.0, "autotile_index": 0.0, "tileset": "tile_entrance1", "coord": [ 0.0, 13.0 ] }, "640_448": { "coord": [ 0.0, 12.0 ], "autotile_index": 0.0, "tileset": "tile_entrance1", "autotile": 0.0 }, "512_512": { "autotile": 0.0, "autotile_index": 0.0, "tileset": "tile_entrance1", "coord": [ 0.0, 13.0 ] }, "64_480": { "autotile": 0.0, "autotile_index": 0.0, "tileset": "tile_entrance1", "coord": [ 0.0, 13.0 ] }, "544_448": { "coord": [ 0.0, 12.0 ], "autotile_index": 0.0, "tileset": "tile_entrance1", "autotile": 0.0 }, "768_0": { "autotile": 0.0, "autotile_index": 0.0, "tileset": "tile_entrance1", "coord": [ 7.0, 5.0 ] }, "32_160": { "autotile": 0.0, "autotile_index": 0.0, "tileset": "tile_entrance1", "coord": [ 0.0, 13.0 ] }, "0_256": { "autotile": 0.0, "autotile_index": 0.0, "tileset": "tile_entrance1", "coord": [ 0.0, 13.0 ] }, "224_512": { "autotile": 0.0, "autotile_index": 0.0, "tileset": "tile_entrance1", "coord": [ 0.0, 13.0 ] }, "0_512": { "autotile": 0.0, "autotile_index": 0.0, "tileset": "tile_entrance1", "coord": [ 0.0, 13.0 ] }, "288_480": { "autotile": 0.0, "autotile_index": 0.0, "tileset": "tile_entrance1", "coord": [ 0.0, 13.0 ] }, "544_32": { "autotile": 0.0, "autotile_index": 0.0, "tileset": "tile_entrance1", "coord": [ 0.0, 13.0 ] }, "0_384": { "autotile": 0.0, "autotile_index": 0.0, "tileset": "tile_entrance1", "coord": [ 0.0, 13.0 ] }, "832_448": { "coord": [ 0.0, 12.0 ], "autotile_index": 0.0, "tileset": "tile_entrance1", "autotile": 0.0 }, "256_0": { "autotile": 0.0, "autotile_index": 0.0, "tileset": "tile_entrance1", "coord": [ 7.0, 5.0 ] }, "448_0": { "autotile": 0.0, "autotile_index": 0.0, "tileset": "tile_entrance1", "coord": [ 7.0, 5.0 ] }, "448_512": { "autotile": 0.0, "autotile_index": 0.0, "tileset": "tile_entrance1", "coord": [ 0.0, 13.0 ] }, "704_512": { "autotile": 0.0, "autotile_index": 0.0, "tileset": "tile_entrance1", "coord": [ 0.0, 13.0 ] }, "32_32": { "autotile": 0.0, "autotile_index": 0.0, "tileset": "tile_entrance1", "coord": [ 0.0, 13.0 ] }, "128_512": { "autotile": 0.0, "autotile_index": 0.0, "tileset": "tile_entrance1", "coord": [ 0.0, 13.0 ] }, "384_0": { "autotile": 0.0, "autotile_index": 0.0, "tileset": "tile_entrance1", "coord": [ 7.0, 5.0 ] }, "736_32": { "autotile": 0.0, "autotile_index": 0.0, "tileset": "tile_entrance1", "coord": [ 0.0, 13.0 ] }, "384_480": { "autotile": 0.0, "autotile_index": 0.0, "tileset": "tile_entrance1", "coord": [ 0.0, 13.0 ] }, "320_0": { "autotile": 0.0, "autotile_index": 0.0, "tileset": "tile_entrance1", "coord": [ 7.0, 5.0 ] }, "128_384": { "coord": [ 2.0, 10.0 ], "autotile_index": 0.0, "tileset": "tile_entrance1", "autotile": 0.0 }, "896_416": { "coord": [ 7.0, 5.0 ], "autotile_index": 0.0, "tileset": "tile_entrance1", "autotile": 0.0 }, "0_32": { "autotile": 0.0, "autotile_index": 0.0, "tileset": "tile_entrance1", "coord": [ 7.0, 5.0 ] }, "32_64": { "autotile": 0.0, "autotile_index": 0.0, "tileset": "tile_entrance1", "coord": [ 0.0, 13.0 ] }, "224_32": { "autotile": 0.0, "autotile_index": 0.0, "tileset": "tile_entrance1", "coord": [ 0.0, 13.0 ] }, "192_0": { "autotile": 0.0, "autotile_index": 0.0, "tileset": "tile_entrance1", "coord": [ 7.0, 5.0 ] }, "64_448": { "coord": [ 0.0, 12.0 ], "autotile_index": 0.0, "tileset": "tile_entrance1", "autotile": 0.0 }, "768_480": { "autotile": 0.0, "autotile_index": 0.0, "tileset": "tile_entrance1", "coord": [ 0.0, 13.0 ] }, "128_480": { "autotile": 0.0, "autotile_index": 0.0, "tileset": "tile_entrance1", "coord": [ 0.0, 13.0 ] }, "352_512": { "autotile": 0.0, "autotile_index": 0.0, "tileset": "tile_entrance1", "coord": [ 0.0, 13.0 ] }, "896_96": { "autotile": 0.0, "autotile_index": 0.0, "tileset": "tile_entrance1", "coord": [ 0.0, 13.0 ] }, "160_448": { "coord": [ 0.0, 12.0 ], "autotile_index": 0.0, "tileset": "tile_entrance1", "autotile": 0.0 }, "608_448": { "coord": [ 0.0, 12.0 ], "autotile_index": 0.0, "tileset": "tile_entrance1", "autotile": 0.0 }, "480_32": { "autotile": 0.0, "autotile_index": 0.0, "tileset": "tile_entrance1", "coord": [ 0.0, 13.0 ] }, "352_32": { "autotile": 0.0, "autotile_index": 0.0, "tileset": "tile_entrance1", "coord": [ 0.0, 13.0 ] }, "896_64": { "autotile": 0.0, "autotile_index": 0.0, "tileset": "tile_entrance1", "coord": [ 0.0, 13.0 ] }, "896_320": { "coord": [ 0.0, 13.0 ], "autotile_index": 0.0, "tileset": "tile_entrance1", "autotile": 0.0 }, "896_256": { "autotile": 0.0, "autotile_index": 0.0, "tileset": "tile_entrance1", "coord": [ 0.0, 13.0 ] }, "0_96": { "autotile": 0.0, "autotile_index": 0.0, "tileset": "tile_entrance1", "coord": [ 7.0, 5.0 ] }, "480_512": { "autotile": 0.0, "autotile_index": 0.0, "tileset": "tile_entrance1", "coord": [ 0.0, 13.0 ] }, "0_160": { "autotile": 0.0, "autotile_index": 0.0, "tileset": "tile_entrance1", "coord": [ 7.0, 5.0 ] }, "608_32": { "autotile": 0.0, "autotile_index": 0.0, "tileset": "tile_entrance1", "coord": [ 0.0, 13.0 ] }, "928_64": { "coord": [ 0.0, 13.0 ], "autotile_index": 0.0, "tileset": "tile_entrance1", "autotile": 0.0 }, "928_96": { "autotile": 0.0, "autotile_index": 0.0, "tileset": "tile_entrance1", "coord": [ 0.0, 13.0 ] }, "544_0": { "autotile": 0.0, "autotile_index": 0.0, "tileset": "tile_entrance1", "coord": [ 7.0, 5.0 ] }, "768_512": { "autotile": 0.0, "autotile_index": 0.0, "tileset": "tile_entrance1", "coord": [ 0.0, 13.0 ] }, "352_0": { "autotile": 0.0, "autotile_index": 0.0, "tileset": "tile_entrance1", "coord": [ 7.0, 5.0 ] }, "320_32": { "autotile": 0.0, "autotile_index": 0.0, "tileset": "tile_entrance1", "coord": [ 0.0, 13.0 ] }, "96_448": { "coord": [ 0.0, 12.0 ], "autotile_index": 0.0, "tileset": "tile_entrance1", "autotile": 0.0 }, "224_480": { "autotile": 0.0, "autotile_index": 0.0, "tileset": "tile_entrance1", "coord": [ 0.0, 13.0 ] }, "832_0": { "autotile": 0.0, "autotile_index": 0.0, "tileset": "tile_entrance1", "coord": [ 7.0, 5.0 ] }, "416_32": { "autotile": 0.0, "autotile_index": 0.0, "tileset": "tile_entrance1", "coord": [ 0.0, 13.0 ] }, "448_32": { "autotile": 0.0, "autotile_index": 0.0, "tileset": "tile_entrance1", "coord": [ 0.0, 13.0 ] }, "-448_-192": { "autotile": 0.0, "autotile_index": 0.0, "tileset": "tile_entrance1", "coord": [ 0.0, 13.0 ] }, "864_512": { "autotile": 0.0, "autotile_index": 0.0, "tileset": "tile_entrance1", "coord": [ 0.0, 13.0 ] }, "640_32": { "autotile": 0.0, "autotile_index": 0.0, "tileset": "tile_entrance1", "coord": [ 0.0, 13.0 ] }, "448_480": { "autotile": 0.0, "autotile_index": 0.0, "tileset": "tile_entrance1", "coord": [ 0.0, 13.0 ] }, "96_32": { "autotile": 0.0, "autotile_index": 0.0, "tileset": "tile_entrance1", "coord": [ 0.0, 13.0 ] }, "576_480": { "autotile": 0.0, "autotile_index": 0.0, "tileset": "tile_entrance1", "coord": [ 0.0, 13.0 ] }, "128_32": { "autotile": 0.0, "autotile_index": 0.0, "tileset": "tile_entrance1", "coord": [ 0.0, 13.0 ] }, "672_512": { "autotile": 0.0, "autotile_index": 0.0, "tileset": "tile_entrance1", "coord": [ 0.0, 13.0 ] }, "64_512": { "autotile": 0.0, "autotile_index": 0.0, "tileset": "tile_entrance1", "coord": [ 0.0, 13.0 ] }, "928_224": { "autotile": 0.0, "autotile_index": 0.0, "tileset": "tile_entrance1", "coord": [ 0.0, 13.0 ] }, "128_0": { "autotile": 0.0, "autotile_index": 0.0, "tileset": "tile_entrance1", "coord": [ 7.0, 5.0 ] }, "928_512": { "autotile": 0.0, "autotile_index": 0.0, "tileset": "tile_entrance1", "coord": [ 0.0, 13.0 ] }, "896_0": { "coord": [ 0.0, 13.0 ], "autotile_index": 0.0, "tileset": "tile_entrance1", "autotile": 0.0 }, "0_480": { "autotile": 0.0, "autotile_index": 0.0, "tileset": "tile_entrance1", "coord": [ 0.0, 13.0 ] }, "64_32": { "autotile": 0.0, "autotile_index": 0.0, "tileset": "tile_entrance1", "coord": [ 0.0, 13.0 ] }, "0_352": { "autotile": 0.0, "autotile_index": 0.0, "tileset": "tile_entrance1", "coord": [ 0.0, 13.0 ] }, "736_448": { "coord": [ 0.0, 12.0 ], "autotile_index": 0.0, "tileset": "tile_entrance1", "autotile": 0.0 }, "928_480": { "autotile": 0.0, "autotile_index": 0.0, "tileset": "tile_entrance1", "coord": [ 0.0, 13.0 ] }, "224_448": { "coord": [ 0.0, 12.0 ], "autotile_index": 0.0, "tileset": "tile_entrance1", "autotile": 0.0 }, "928_128": { "autotile": 0.0, "autotile_index": 0.0, "tileset": "tile_entrance1", "coord": [ 0.0, 13.0 ] }, "608_480": { "autotile": 0.0, "autotile_index": 0.0, "tileset": "tile_entrance1", "coord": [ 0.0, 13.0 ] }, "608_512": { "autotile": 0.0, "autotile_index": 0.0, "tileset": "tile_entrance1", "coord": [ 0.0, 13.0 ] }, "896_512": { "autotile": 0.0, "autotile_index": 0.0, "tileset": "tile_entrance1", "coord": [ 0.0, 13.0 ] }, "896_160": { "coord": [ 0.0, 13.0 ], "autotile_index": 0.0, "tileset": "tile_entrance1", "autotile": 0.0 }, "896_288": { "coord": [ 0.0, 13.0 ], "autotile_index": 0.0, "tileset": "tile_entrance1", "autotile": 0.0 }, "384_448": { "coord": [ 0.0, 12.0 ], "autotile_index": 0.0, "tileset": "tile_entrance1", "autotile": 0.0 }, "704_480": { "autotile": 0.0, "autotile_index": 0.0, "tileset": "tile_entrance1", "coord": [ 0.0, 13.0 ] }, "896_32": { "coord": [ 0.0, 13.0 ], "autotile_index": 0.0, "tileset": "tile_entrance1", "autotile": 0.0 }, "416_512": { "autotile": 0.0, "autotile_index": 0.0, "tileset": "tile_entrance1", "coord": [ 0.0, 13.0 ] }, "736_512": { "autotile": 0.0, "autotile_index": 0.0, "tileset": "tile_entrance1", "coord": [ 0.0, 13.0 ] }, "256_480": { "autotile": 0.0, "autotile_index": 0.0, "tileset": "tile_entrance1", "coord": [ 0.0, 13.0 ] }, "736_0": { "autotile": 0.0, "autotile_index": 0.0, "tileset": "tile_entrance1", "coord": [ 7.0, 5.0 ] }, "-3360_-1536": { "coord": [ 0.0, 0.0 ], "autotile_index": 0.0, "tileset": "tile_entrance1", "autotile": 0.0 }, "32_448": { "coord": [ 0.0, 12.0 ], "autotile_index": 0.0, "tileset": "tile_entrance1", "autotile": 0.0 }, "128_448": { "coord": [ 0.0, 12.0 ], "autotile_index": 0.0, "tileset": "tile_entrance1", "autotile": 0.0 }, "672_32": { "autotile": 0.0, "autotile_index": 0.0, "tileset": "tile_entrance1", "coord": [ 0.0, 13.0 ] }, "832_32": { "autotile": 0.0, "autotile_index": 0.0, "tileset": "tile_entrance1", "coord": [ 0.0, 13.0 ] }, "32_384": { "autotile": 0.0, "autotile_index": 0.0, "tileset": "tile_entrance1", "coord": [ 0.0, 13.0 ] }, "672_0": { "autotile": 0.0, "autotile_index": 0.0, "tileset": "tile_entrance1", "coord": [ 7.0, 5.0 ] }, "800_512": { "autotile": 0.0, "autotile_index": 0.0, "tileset": "tile_entrance1", "coord": [ 0.0, 13.0 ] }, "320_448": { "coord": [ 0.0, 12.0 ], "autotile_index": 0.0, "tileset": "tile_entrance1", "autotile": 0.0 }, "832_512": { "autotile": 0.0, "autotile_index": 0.0, "tileset": "tile_entrance1", "coord": [ 0.0, 13.0 ] }, "96_0": { "autotile": 0.0, "autotile_index": 0.0, "tileset": "tile_entrance1", "coord": [ 7.0, 5.0 ] }, "928_352": { "autotile": 0.0, "autotile_index": 0.0, "tileset": "tile_entrance1", "coord": [ 0.0, 13.0 ] }, "32_256": { "autotile": 0.0, "autotile_index": 0.0, "tileset": "tile_entrance1", "coord": [ 0.0, 13.0 ] }, "0_224": { "autotile": 0.0, "autotile_index": 0.0, "tileset": "tile_entrance1", "coord": [ 0.0, 13.0 ] }, "576_512": { "autotile": 0.0, "autotile_index": 0.0, "tileset": "tile_entrance1", "coord": [ 0.0, 13.0 ] }, "960_448": { "coord": [ 0.0, 12.0 ], "autotile_index": 0.0, "tileset": "tile_entrance1", "autotile": 0.0 }, "512_32": { "autotile": 0.0, "autotile_index": 0.0, "tileset": "tile_entrance1", "coord": [ 0.0, 13.0 ] }, "32_480": { "autotile": 0.0, "autotile_index": 0.0, "tileset": "tile_entrance1", "coord": [ 0.0, 13.0 ] }, "608_0": { "autotile": 0.0, "autotile_index": 0.0, "tileset": "tile_entrance1", "coord": [ 7.0, 5.0 ] }, "32_128": { "autotile": 0.0, "autotile_index": 0.0, "tileset": "tile_entrance1", "coord": [ 0.0, 13.0 ] }, "928_192": { "autotile": 0.0, "autotile_index": 0.0, "tileset": "tile_entrance1", "coord": [ 0.0, 13.0 ] }, "0_416": { "autotile": 0.0, "autotile_index": 0.0, "tileset": "tile_entrance1", "coord": [ 7.0, 5.0 ] }, "64_384": { "coord": [ 0.0, 10.0 ], "autotile_index": 0.0, "tileset": "tile_entrance1", "autotile": 0.0 }, "32_192": { "autotile": 0.0, "autotile_index": 0.0, "tileset": "tile_entrance1", "coord": [ 0.0, 13.0 ] }, "640_480": { "autotile": 0.0, "autotile_index": 0.0, "tileset": "tile_entrance1", "coord": [ 0.0, 13.0 ] }, "576_448": { "coord": [ 0.0, 12.0 ], "autotile_index": 0.0, "tileset": "tile_entrance1", "autotile": 0.0 }, "480_448": { "coord": [ 0.0, 12.0 ], "autotile_index": 0.0, "tileset": "tile_entrance1", "autotile": 0.0 }, "512_0": { "autotile": 0.0, "autotile_index": 0.0, "tileset": "tile_entrance1", "coord": [ 7.0, 5.0 ] }, "544_512": { "autotile": 0.0, "autotile_index": 0.0, "tileset": "tile_entrance1", "coord": [ 0.0, 13.0 ] }, "864_480": { "autotile": 0.0, "autotile_index": 0.0, "tileset": "tile_entrance1", "coord": [ 0.0, 13.0 ] }, "832_480": { "autotile": 0.0, "autotile_index": 0.0, "tileset": "tile_entrance1", "coord": [ 0.0, 13.0 ] }, "0_288": { "autotile": 0.0, "autotile_index": 0.0, "tileset": "tile_entrance1", "coord": [ 0.0, 13.0 ] }, "128_416": { "coord": [ 2.0, 11.0 ], "autotile_index": 0.0, "tileset": "tile_entrance1", "autotile": 0.0 }, "640_512": { "autotile": 0.0, "autotile_index": 0.0, "tileset": "tile_entrance1", "coord": [ 0.0, 13.0 ] }, "928_448": { "autotile": 0.0, "autotile_index": 0.0, "tileset": "tile_entrance1", "coord": [ 7.0, 5.0 ] }, "416_0": { "autotile": 0.0, "autotile_index": 0.0, "tileset": "tile_entrance1", "coord": [ 7.0, 5.0 ] }, "32_0": { "autotile": 0.0, "autotile_index": 0.0, "tileset": "tile_entrance1", "coord": [ 7.0, 5.0 ] }, "256_448": { "coord": [ 0.0, 12.0 ], "autotile_index": 0.0, "tileset": "tile_entrance1", "autotile": 0.0 }, "352_480": { "autotile": 0.0, "autotile_index": 0.0, "tileset": "tile_entrance1", "coord": [ 0.0, 13.0 ] }, "928_32": { "coord": [ 0.0, 13.0 ], "autotile_index": 0.0, "tileset": "tile_entrance1", "autotile": 0.0 }, "864_0": { "coord": [ 0.0, 13.0 ], "autotile_index": 0.0, "tileset": "tile_entrance1", "autotile": 0.0 }, "0_128": { "autotile": 0.0, "autotile_index": 0.0, "tileset": "tile_entrance1", "coord": [ 7.0, 5.0 ] }, "896_384": { "coord": [ 7.0, 5.0 ], "autotile_index": 0.0, "tileset": "tile_entrance1", "autotile": 0.0 }, "224_0": { "autotile": 0.0, "autotile_index": 0.0, "tileset": "tile_entrance1", "coord": [ 7.0, 5.0 ] }, "256_512": { "autotile": 0.0, "autotile_index": 0.0, "tileset": "tile_entrance1", "coord": [ 0.0, 13.0 ] }, "640_0": { "autotile": 0.0, "autotile_index": 0.0, "tileset": "tile_entrance1", "coord": [ 7.0, 5.0 ] }, "704_0": { "autotile": 0.0, "autotile_index": 0.0, "tileset": "tile_entrance1", "coord": [ 7.0, 5.0 ] }, "576_0": { "autotile": 0.0, "autotile_index": 0.0, "tileset": "tile_entrance1", "coord": [ 7.0, 5.0 ] }, "96_352": { "coord": [ 1.0, 9.0 ], "autotile_index": 0.0, "tileset": "tile_entrance1", "autotile": 0.0 }, "928_288": { "autotile": 0.0, "autotile_index": 0.0, "tileset": "tile_entrance1", "coord": [ 0.0, 13.0 ] }, "96_480": { "autotile": 0.0, "autotile_index": 0.0, "tileset": "tile_entrance1", "coord": [ 0.0, 13.0 ] }, "288_0": { "autotile": 0.0, "autotile_index": 0.0, "tileset": "tile_entrance1", "coord": [ 7.0, 5.0 ] }, "480_0": { "autotile": 0.0, "autotile_index": 0.0, "tileset": "tile_entrance1", "coord": [ 7.0, 5.0 ] }, "192_512": { "autotile": 0.0, "autotile_index": 0.0, "tileset": "tile_entrance1", "coord": [ 0.0, 13.0 ] }, "192_448": { "coord": [ 0.0, 12.0 ], "autotile_index": 0.0, "tileset": "tile_entrance1", "autotile": 0.0 }, "896_448": { "autotile": 0.0, "autotile_index": 0.0, "tileset": "tile_entrance1", "coord": [ 7.0, 5.0 ] }, "0_0": { "autotile": 0.0, "autotile_index": 0.0, "tileset": "tile_entrance1", "coord": [ 7.0, 5.0 ] }, "864_32": { "autotile": 0.0, "autotile_index": 0.0, "tileset": "tile_entrance1", "coord": [ 0.0, 13.0 ] }, "96_416": { "coord": [ 1.0, 11.0 ], "autotile_index": 0.0, "tileset": "tile_entrance1", "autotile": 0.0 }, "32_512": { "autotile": 0.0, "autotile_index": 0.0, "tileset": "tile_entrance1", "coord": [ 0.0, 13.0 ] }, "800_480": { "autotile": 0.0, "autotile_index": 0.0, "tileset": "tile_entrance1", "coord": [ 0.0, 13.0 ] }, "32_288": { "autotile": 0.0, "autotile_index": 0.0, "tileset": "tile_entrance1", "coord": [ 0.0, 13.0 ] }, "576_32": { "autotile": 0.0, "autotile_index": 0.0, "tileset": "tile_entrance1", "coord": [ 0.0, 13.0 ] }, "896_192": { "coord": [ 0.0, 13.0 ], "autotile_index": 0.0, "tileset": "tile_entrance1", "autotile": 0.0 }, "160_0": { "autotile": 0.0, "autotile_index": 0.0, "tileset": "tile_entrance1", "coord": [ 7.0, 5.0 ] }, "896_352": { "coord": [ 0.0, 13.0 ], "autotile_index": 0.0, "tileset": "tile_entrance1", "autotile": 0.0 }, "64_352": { "coord": [ 0.0, 9.0 ], "autotile_index": 0.0, "tileset": "tile_entrance1", "autotile": 0.0 }, "896_480": { "autotile": 0.0, "autotile_index": 0.0, "tileset": "tile_entrance1", "coord": [ 0.0, 13.0 ] }, "32_320": { "autotile": 0.0, "autotile_index": 0.0, "tileset": "tile_entrance1", "coord": [ 0.0, 13.0 ] }, "768_32": { "autotile": 0.0, "autotile_index": 0.0, "tileset": "tile_entrance1", "coord": [ 0.0, 13.0 ] }, "32_352": { "autotile": 0.0, "autotile_index": 0.0, "tileset": "tile_entrance1", "coord": [ 0.0, 13.0 ] }, "704_32": { "autotile": 0.0, "autotile_index": 0.0, "tileset": "tile_entrance1", "coord": [ 0.0, 13.0 ] }, "448_448": { "coord": [ 0.0, 12.0 ], "autotile_index": 0.0, "tileset": "tile_entrance1", "autotile": 0.0 }, "32_224": { "autotile": 0.0, "autotile_index": 0.0, "tileset": "tile_entrance1", "coord": [ 0.0, 13.0 ] }, "928_320": { "autotile": 0.0, "autotile_index": 0.0, "tileset": "tile_entrance1", "coord": [ 0.0, 13.0 ] }, "704_448": { "coord": [ 0.0, 12.0 ], "autotile_index": 0.0, "tileset": "tile_entrance1", "autotile": 0.0 }, "736_480": { "autotile": 0.0, "autotile_index": 0.0, "tileset": "tile_entrance1", "coord": [ 0.0, 13.0 ] }, "96_512": { "autotile": 0.0, "autotile_index": 0.0, "tileset": "tile_entrance1", "coord": [ 0.0, 13.0 ] }, "64_416": { "coord": [ 0.0, 11.0 ], "autotile_index": 0.0, "tileset": "tile_entrance1", "autotile": 0.0 }, "896_128": { "autotile": 0.0, "autotile_index": 0.0, "tileset": "tile_entrance1", "coord": [ 0.0, 13.0 ] }, "928_0": { "coord": [ 0.0, 13.0 ], "autotile_index": 0.0, "tileset": "tile_entrance1", "autotile": 0.0 }, "192_480": { "autotile": 0.0, "autotile_index": 0.0, "tileset": "tile_entrance1", "coord": [ 0.0, 13.0 ] }, "128_352": { "coord": [ 2.0, 9.0 ], "autotile_index": 0.0, "tileset": "tile_entrance1", "autotile": 0.0 }, "320_512": { "autotile": 0.0, "autotile_index": 0.0, "tileset": "tile_entrance1", "coord": [ 0.0, 13.0 ] }, "672_480": { "autotile": 0.0, "autotile_index": 0.0, "tileset": "tile_entrance1", "coord": [ 0.0, 13.0 ] } }, "6": { "64_448": { "autotile": 0.0, "autotile_index": 0.0, "tileset": "tile_entrance1", "coord": [ 0.0, 11.0 ] }, "128_448": { "autotile": 0.0, "autotile_index": 0.0, "tileset": "tile_entrance1", "coord": [ 2.0, 11.0 ] }, "96_448": { "autotile": 0.0, "autotile_index": 0.0, "tileset": "tile_entrance1", "coord": [ 1.0, 11.0 ] }, "864_352": { "coord": [ 2.0, 9.0 ], "autotile_index": 0.0, "tileset": "tile_entrance1", "autotile": 0.0 }, "32_448": { "coord": [ 0.0, 11.0 ], "autotile_index": 0.0, "tileset": "tile_entrance1", "autotile": 0.0 } } }, "backgrounds": { "5": { "x": -301.0, "scroll_x": 1.0, "tile_y": 1.0, "hspeed": 0.0, "scroll_y": 1.0, "y": -117.0, "sprite": "wp1906186-hotel-transylvania-wallpapers", "tile_x": 1.0, "vspeed": 0.0, "image_speed": 15.0, "panic_sprite": -1.0 } }, "properties": { "song": "", "roomX": 0.0, "levelWidth": 960.0, "roomY": 0.0, "levelHeight": 540.0, "songTransitionTime": 100.0 } }