{ "editorVersion": 5.0, "instances": [ { "layer": 0.0, "deleted": 1.0, "variables": { "x": 544.0, "content": "obj_well", "y": 416.0, "image_xscale": 1.0, "image_yscale": 1.0, "flipX": 0.0, "flipY": 0.0 }, "object": 751.0 }, { "layer": 0.0, "deleted": 0.0, "variables": { "x": 672.0, "flipX": 0.0, "y": 402.0, "flipY": 0.0 }, "object": 681.0 }, { "layer": 0.0, "deleted": 0.0, "variables": { "x": 448.0, "flipX": 0.0, "y": 448.0, "flipY": 0.0 }, "object": 517.0 }, { "layer": 0.0, "deleted": 0.0, "variables": { "x": 480.0, "flipX": 0.0, "y": 448.0, "flipY": 0.0 }, "object": 517.0 }, { "layer": 0.0, "deleted": 0.0, "variables": { "x": 800.0, "flipX": 0.0, "y": 448.0, "flipY": 0.0 }, "object": 517.0 }, { "layer": 0.0, "deleted": 0.0, "variables": { "x": 704.0, "flipX": 0.0, "y": 480.0, "flipY": 0.0 }, "object": 517.0 }, { "layer": 0.0, "deleted": 0.0, "variables": { "x": 736.0, "flipX": 0.0, "y": 480.0, "flipY": 0.0 }, "object": 517.0 }, { "layer": 0.0, "deleted": 0.0, "variables": { "x": 768.0, "flipX": 0.0, "y": 480.0, "flipY": 0.0 }, "object": 517.0 }, { "layer": 0.0, "deleted": 0.0, "variables": { "x": 800.0, "flipX": 0.0, "y": 480.0, "flipY": 0.0 }, "object": 517.0 }, { "layer": 0.0, "deleted": 0.0, "variables": { "x": 832.0, "flipX": 0.0, "y": 480.0, "flipY": 0.0 }, "object": 517.0 }, { "layer": 0.0, "deleted": 0.0, "variables": { "x": 832.0, "flipX": 0.0, "y": 448.0, "flipY": 0.0 }, "object": 517.0 }, { "layer": 0.0, "deleted": 0.0, "variables": { "x": 864.0, "flipX": 0.0, "y": 448.0, "flipY": 0.0 }, "object": 517.0 }, { "layer": 0.0, "deleted": 0.0, "variables": { "x": 896.0, "flipX": 0.0, "y": 448.0, "flipY": 0.0 }, "object": 517.0 }, { "layer": 0.0, "deleted": 0.0, "variables": { "x": 928.0, "flipX": 0.0, "y": 448.0, "flipY": 0.0 }, "object": 517.0 }, { "layer": 0.0, "deleted": 0.0, "variables": { "x": 896.0, "flipX": 0.0, "y": 448.0, "flipY": 0.0 }, "object": 517.0 }, { "layer": 0.0, "deleted": 0.0, "variables": { "x": 288.0, "flipX": 0.0, "y": 401.0, "flipY": 0.0 }, "object": 681.0 }, { "layer": 0.0, "deleted": 0.0, "variables": { "x": 0.0, "flipX": 0.0, "y": 352.0, "flipY": 0.0 }, "object": 517.0 }, { "layer": 0.0, "deleted": 0.0, "variables": { "x": 864.0, "flipX": 0.0, "y": 448.0, "flipY": 0.0 }, "object": 517.0 }, { "layer": 0.0, "deleted": 0.0, "variables": { "x": 832.0, "flipX": 0.0, "y": 448.0, "flipY": 0.0 }, "object": 517.0 }, { "layer": 0.0, "deleted": 0.0, "variables": { "x": 832.0, "flipX": 0.0, "y": 480.0, "flipY": 0.0 }, "object": 517.0 }, { "layer": 0.0, "deleted": 0.0, "variables": { "x": 0.0, "flipX": 0.0, "y": 384.0, "flipY": 0.0 }, "object": 517.0 }, { "layer": 0.0, "deleted": 0.0, "variables": { "x": 800.0, "flipX": 0.0, "y": 480.0, "flipY": 0.0 }, "object": 517.0 }, { "layer": 0.0, "deleted": 0.0, "variables": { "x": 768.0, "flipX": 0.0, "y": 480.0, "flipY": 0.0 }, "object": 517.0 }, { "layer": 0.0, "deleted": 0.0, "variables": { "x": 736.0, "flipX": 0.0, "y": 448.0, "flipY": 0.0 }, "object": 517.0 }, { "layer": 0.0, "deleted": 0.0, "variables": { "x": 704.0, "flipX": 0.0, "y": 448.0, "flipY": 0.0 }, "object": 517.0 }, { "layer": 0.0, "deleted": 0.0, "variables": { "x": 672.0, "flipX": 0.0, "y": 448.0, "flipY": 0.0 }, "object": 517.0 }, { "layer": 0.0, "deleted": 0.0, "variables": { "x": 608.0, "flipX": 0.0, "y": 448.0, "flipY": 0.0 }, "object": 517.0 }, { "layer": 0.0, "deleted": 0.0, "variables": { "x": 32.0, "flipX": 0.0, "y": 384.0, "flipY": 0.0 }, "object": 517.0 }, { "layer": 0.0, "deleted": 0.0, "variables": { "x": 640.0, "flipX": 0.0, "y": 448.0, "flipY": 0.0 }, "object": 517.0 }, { "layer": 0.0, "deleted": 0.0, "variables": { "x": 576.0, "flipX": 0.0, "y": 448.0, "flipY": 0.0 }, "object": 517.0 }, { "layer": 0.0, "deleted": 0.0, "variables": { "x": 544.0, "flipX": 0.0, "y": 448.0, "flipY": 0.0 }, "object": 517.0 }, { "layer": 0.0, "deleted": 0.0, "variables": { "x": 512.0, "flipX": 0.0, "y": 448.0, "flipY": 0.0 }, "object": 517.0 }, { "layer": 0.0, "deleted": 0.0, "variables": { "x": 480.0, "flipX": 0.0, "y": 480.0, "flipY": 0.0 }, "object": 517.0 }, { "layer": 0.0, "deleted": 0.0, "variables": { "x": 416.0, "flipX": 0.0, "y": 480.0, "flipY": 0.0 }, "object": 517.0 }, { "layer": 0.0, "deleted": 0.0, "variables": { "x": 96.0, "flipX": 0.0, "y": 384.0, "flipY": 0.0 }, "object": 517.0 }, { "layer": 0.0, "deleted": 0.0, "variables": { "x": 96.0, "flipX": 0.0, "y": 416.0, "flipY": 0.0 }, "object": 517.0 }, { "layer": 0.0, "deleted": 0.0, "variables": { "x": 64.0, "flipX": 0.0, "y": 384.0, "flipY": 0.0 }, "object": 517.0 }, { "layer": 0.0, "deleted": 0.0, "variables": { "x": 320.0, "flipX": 0.0, "y": 448.0, "flipY": 0.0 }, "object": 517.0 }, { "layer": 0.0, "deleted": 0.0, "variables": { "x": 256.0, "flipX": 0.0, "y": 448.0, "flipY": 0.0 }, "object": 517.0 }, { "layer": 0.0, "deleted": 0.0, "variables": { "x": 192.0, "flipX": 0.0, "y": 448.0, "flipY": 0.0 }, "object": 517.0 }, { "layer": 0.0, "deleted": 0.0, "variables": { "x": 128.0, "flipX": 0.0, "y": 448.0, "flipY": 0.0 }, "object": 517.0 }, { "layer": 0.0, "deleted": 0.0, "variables": { "x": 96.0, "flipX": 0.0, "y": 480.0, "flipY": 0.0 }, "object": 517.0 }, { "layer": 0.0, "deleted": 0.0, "variables": { "x": 96.0, "flipX": 0.0, "y": 448.0, "flipY": 0.0 }, "object": 517.0 }, { "layer": 0.0, "deleted": 0.0, "variables": { "x": 96.0, "flipX": 0.0, "y": 512.0, "flipY": 0.0 }, "object": 517.0 }, { "layer": 0.0, "deleted": 0.0, "variables": { "x": 160.0, "flipX": 0.0, "y": 448.0, "flipY": 0.0 }, "object": 517.0 }, { "layer": 0.0, "deleted": 0.0, "variables": { "x": 224.0, "flipX": 0.0, "y": 448.0, "flipY": 0.0 }, "object": 517.0 }, { "layer": 0.0, "deleted": 0.0, "variables": { "x": 288.0, "flipX": 0.0, "y": 448.0, "flipY": 0.0 }, "object": 517.0 }, { "layer": 0.0, "deleted": 0.0, "variables": { "x": 352.0, "flipX": 0.0, "y": 448.0, "flipY": 0.0 }, "object": 517.0 }, { "layer": 0.0, "deleted": 0.0, "variables": { "x": 384.0, "flipX": 0.0, "y": 448.0, "flipY": 0.0 }, "object": 517.0 }, { "layer": 0.0, "deleted": 0.0, "variables": { "x": 416.0, "flipX": 0.0, "y": 448.0, "flipY": 0.0 }, "object": 517.0 }, { "layer": 0.0, "deleted": 0.0, "variables": { "x": 448.0, "flipX": 0.0, "y": 480.0, "flipY": 0.0 }, "object": 517.0 }, { "layer": 0.0, "deleted": 0.0, "variables": { "x": 768.0, "flipX": 0.0, "y": 448.0, "flipY": 0.0 }, "object": 517.0 }, { "layer": 0.0, "deleted": 0.0, "variables": { "x": 0.0, "flipX": 0.0, "y": 320.0, "flipY": 0.0 }, "object": 517.0 }, { "layer": 0.0, "deleted": 0.0, "variables": { "x": 0.0, "flipX": 0.0, "y": 288.0, "flipY": 0.0 }, "object": 517.0 }, { "layer": 0.0, "deleted": 0.0, "variables": { "x": 0.0, "flipX": 0.0, "y": 256.0, "flipY": 0.0 }, "object": 517.0 }, { "layer": 0.0, "deleted": 0.0, "variables": { "x": 0.0, "flipX": 0.0, "y": 224.0, "flipY": 0.0 }, "object": 517.0 }, { "layer": 0.0, "deleted": 0.0, "variables": { "x": 0.0, "flipX": 0.0, "y": 192.0, "flipY": 0.0 }, "object": 517.0 }, { "layer": 0.0, "deleted": 0.0, "variables": { "x": 0.0, "flipX": 0.0, "y": 160.0, "flipY": 0.0 }, "object": 517.0 }, { "layer": 0.0, "deleted": 0.0, "variables": { "x": 0.0, "flipX": 0.0, "y": 128.0, "flipY": 0.0 }, "object": 517.0 }, { "layer": 0.0, "deleted": 0.0, "variables": { "x": 0.0, "flipX": 0.0, "y": 96.0, "flipY": 0.0 }, "object": 517.0 }, { "layer": 0.0, "deleted": 0.0, "variables": { "x": 0.0, "flipX": 0.0, "y": 64.0, "flipY": 0.0 }, "object": 517.0 }, { "layer": 0.0, "deleted": 0.0, "variables": { "x": 0.0, "flipX": 0.0, "y": 32.0, "flipY": 0.0 }, "object": 517.0 }, { "layer": 0.0, "deleted": 0.0, "variables": { "x": 0.0, "flipX": 0.0, "y": 0.0, "flipY": 0.0 }, "object": 517.0 }, { "layer": 0.0, "deleted": 0.0, "variables": { "x": 32.0, "flipX": 0.0, "y": 0.0, "flipY": 0.0 }, "object": 517.0 }, { "layer": 0.0, "deleted": 0.0, "variables": { "x": 64.0, "flipX": 0.0, "y": 0.0, "flipY": 0.0 }, "object": 517.0 }, { "layer": 0.0, "deleted": 0.0, "variables": { "x": 96.0, "flipX": 0.0, "y": 0.0, "flipY": 0.0 }, "object": 517.0 }, { "layer": 0.0, "deleted": 0.0, "variables": { "x": 128.0, "flipX": 0.0, "y": 0.0, "flipY": 0.0 }, "object": 517.0 }, { "layer": 0.0, "deleted": 0.0, "variables": { "x": 160.0, "flipX": 0.0, "y": 0.0, "flipY": 0.0 }, "object": 517.0 }, { "layer": 0.0, "deleted": 0.0, "variables": { "x": 192.0, "flipX": 0.0, "y": 0.0, "flipY": 0.0 }, "object": 517.0 }, { "layer": 0.0, "deleted": 0.0, "variables": { "x": 224.0, "flipX": 0.0, "y": 0.0, "flipY": 0.0 }, "object": 517.0 }, { "layer": 0.0, "deleted": 0.0, "variables": { "x": 256.0, "flipX": 0.0, "y": 0.0, "flipY": 0.0 }, "object": 517.0 }, { "layer": 0.0, "deleted": 0.0, "variables": { "x": 448.0, "flipX": 0.0, "y": 32.0, "flipY": 0.0 }, "object": 517.0 }, { "layer": 0.0, "deleted": 0.0, "variables": { "x": 416.0, "flipX": 0.0, "y": 32.0, "flipY": 0.0 }, "object": 517.0 }, { "layer": 0.0, "deleted": 0.0, "variables": { "x": 384.0, "flipX": 0.0, "y": 0.0, "flipY": 0.0 }, "object": 517.0 }, { "layer": 0.0, "deleted": 0.0, "variables": { "x": 384.0, "flipX": 0.0, "y": 0.0, "flipY": 0.0 }, "object": 517.0 }, { "layer": 0.0, "deleted": 0.0, "variables": { "x": 352.0, "flipX": 0.0, "y": 0.0, "flipY": 0.0 }, "object": 517.0 }, { "layer": 0.0, "deleted": 0.0, "variables": { "x": 448.0, "flipX": 0.0, "y": 0.0, "flipY": 0.0 }, "object": 517.0 }, { "layer": 0.0, "deleted": 0.0, "variables": { "x": 480.0, "flipX": 0.0, "y": 0.0, "flipY": 0.0 }, "object": 517.0 }, { "layer": 0.0, "deleted": 0.0, "variables": { "x": 512.0, "flipX": 0.0, "y": 0.0, "flipY": 0.0 }, "object": 517.0 }, { "layer": 0.0, "deleted": 0.0, "variables": { "x": 544.0, "flipX": 0.0, "y": 0.0, "flipY": 0.0 }, "object": 517.0 }, { "layer": 0.0, "deleted": 0.0, "variables": { "x": 576.0, "flipX": 0.0, "y": 0.0, "flipY": 0.0 }, "object": 517.0 }, { "layer": 0.0, "deleted": 0.0, "variables": { "x": 608.0, "flipX": 0.0, "y": 0.0, "flipY": 0.0 }, "object": 517.0 }, { "layer": 0.0, "deleted": 0.0, "variables": { "x": 640.0, "flipX": 0.0, "y": 0.0, "flipY": 0.0 }, "object": 517.0 }, { "layer": 0.0, "deleted": 0.0, "variables": { "x": 672.0, "flipX": 0.0, "y": 0.0, "flipY": 0.0 }, "object": 517.0 }, { "layer": 0.0, "deleted": 0.0, "variables": { "x": 704.0, "flipX": 0.0, "y": 0.0, "flipY": 0.0 }, "object": 517.0 }, { "layer": 0.0, "deleted": 0.0, "variables": { "x": 736.0, "flipX": 0.0, "y": 0.0, "flipY": 0.0 }, "object": 517.0 }, { "layer": 0.0, "deleted": 0.0, "variables": { "x": 768.0, "flipX": 0.0, "y": 0.0, "flipY": 0.0 }, "object": 517.0 }, { "layer": 0.0, "deleted": 0.0, "variables": { "x": 800.0, "flipX": 0.0, "y": 0.0, "flipY": 0.0 }, "object": 517.0 }, { "layer": 0.0, "deleted": 0.0, "variables": { "x": 832.0, "flipX": 0.0, "y": 0.0, "flipY": 0.0 }, "object": 517.0 }, { "layer": 0.0, "deleted": 0.0, "variables": { "x": 864.0, "flipX": 0.0, "y": 0.0, "flipY": 0.0 }, "object": 517.0 }, { "layer": 0.0, "deleted": 0.0, "variables": { "x": 896.0, "flipX": 0.0, "y": 0.0, "flipY": 0.0 }, "object": 517.0 }, { "layer": 0.0, "deleted": 0.0, "variables": { "x": 928.0, "flipX": 0.0, "y": 0.0, "flipY": 0.0 }, "object": 517.0 }, { "layer": 0.0, "deleted": 0.0, "variables": { "x": 928.0, "flipX": 0.0, "y": 32.0, "flipY": 0.0 }, "object": 517.0 }, { "layer": 0.0, "deleted": 0.0, "variables": { "x": 928.0, "flipX": 0.0, "y": 64.0, "flipY": 0.0 }, "object": 517.0 }, { "layer": 0.0, "deleted": 0.0, "variables": { "x": 928.0, "flipX": 0.0, "y": 96.0, "flipY": 0.0 }, "object": 517.0 }, { "layer": 0.0, "deleted": 0.0, "variables": { "x": 928.0, "flipX": 0.0, "y": 128.0, "flipY": 0.0 }, "object": 517.0 }, { "layer": 0.0, "deleted": 0.0, "variables": { "x": 928.0, "flipX": 0.0, "y": 160.0, "flipY": 0.0 }, "object": 517.0 }, { "layer": 0.0, "deleted": 0.0, "variables": { "x": 928.0, "flipX": 0.0, "y": 192.0, "flipY": 0.0 }, "object": 517.0 }, { "layer": 0.0, "deleted": 0.0, "variables": { "x": 928.0, "flipX": 0.0, "y": 224.0, "flipY": 0.0 }, "object": 517.0 }, { "layer": 0.0, "deleted": 0.0, "variables": { "x": 928.0, "flipX": 0.0, "y": 256.0, "flipY": 0.0 }, "object": 517.0 }, { "layer": 0.0, "deleted": 0.0, "variables": { "x": 928.0, "flipX": 0.0, "y": 288.0, "flipY": 0.0 }, "object": 517.0 }, { "layer": 0.0, "deleted": 0.0, "variables": { "x": 928.0, "flipX": 0.0, "y": 320.0, "flipY": 0.0 }, "object": 517.0 }, { "layer": 0.0, "deleted": 0.0, "variables": { "x": 896.0, "flipX": 0.0, "y": 352.0, "flipY": 0.0 }, "object": 517.0 }, { "layer": 0.0, "deleted": 0.0, "variables": { "x": 928.0, "flipX": 0.0, "y": 352.0, "flipY": 0.0 }, "object": 517.0 }, { "layer": 0.0, "deleted": 0.0, "variables": { "x": 896.0, "flipX": 0.0, "y": 320.0, "flipY": 0.0 }, "object": 517.0 }, { "layer": 0.0, "deleted": 0.0, "variables": { "x": 896.0, "flipX": 0.0, "y": 288.0, "flipY": 0.0 }, "object": 517.0 }, { "layer": 0.0, "deleted": 0.0, "variables": { "x": 896.0, "flipX": 0.0, "y": 256.0, "flipY": 0.0 }, "object": 517.0 }, { "layer": 0.0, "deleted": 0.0, "variables": { "x": 896.0, "flipX": 0.0, "y": 224.0, "flipY": 0.0 }, "object": 517.0 }, { "layer": 0.0, "deleted": 0.0, "variables": { "x": 896.0, "flipX": 0.0, "y": 192.0, "flipY": 0.0 }, "object": 517.0 }, { "layer": 0.0, "deleted": 0.0, "variables": { "x": 896.0, "flipX": 0.0, "y": 160.0, "flipY": 0.0 }, "object": 517.0 }, { "layer": 0.0, "deleted": 0.0, "variables": { "x": 896.0, "flipX": 0.0, "y": 128.0, "flipY": 0.0 }, "object": 517.0 }, { "layer": 0.0, "deleted": 0.0, "variables": { "x": 896.0, "flipX": 0.0, "y": 96.0, "flipY": 0.0 }, "object": 517.0 }, { "layer": 0.0, "deleted": 0.0, "variables": { "x": 896.0, "flipX": 0.0, "y": 64.0, "flipY": 0.0 }, "object": 517.0 }, { "layer": 0.0, "deleted": 0.0, "variables": { "x": 896.0, "flipX": 0.0, "y": 32.0, "flipY": 0.0 }, "object": 517.0 }, { "layer": 0.0, "deleted": 0.0, "variables": { "x": 896.0, "flipX": 0.0, "y": 0.0, "flipY": 0.0 }, "object": 517.0 }, { "layer": 0.0, "deleted": 0.0, "variables": { "x": 896.0, "flipX": 0.0, "y": 32.0, "flipY": 0.0 }, "object": 517.0 }, { "layer": 0.0, "deleted": 0.0, "variables": { "x": 864.0, "flipX": 0.0, "y": 32.0, "flipY": 0.0 }, "object": 517.0 }, { "layer": 0.0, "deleted": 0.0, "variables": { "x": 832.0, "flipX": 0.0, "y": 32.0, "flipY": 0.0 }, "object": 517.0 }, { "layer": 0.0, "deleted": 0.0, "variables": { "x": 800.0, "flipX": 0.0, "y": 32.0, "flipY": 0.0 }, "object": 517.0 }, { "layer": 0.0, "deleted": 0.0, "variables": { "x": 768.0, "flipX": 0.0, "y": 32.0, "flipY": 0.0 }, "object": 517.0 }, { "layer": 0.0, "deleted": 0.0, "variables": { "x": 736.0, "flipX": 0.0, "y": 32.0, "flipY": 0.0 }, "object": 517.0 }, { "layer": 0.0, "deleted": 0.0, "variables": { "x": 704.0, "flipX": 0.0, "y": 32.0, "flipY": 0.0 }, "object": 517.0 }, { "layer": 0.0, "deleted": 0.0, "variables": { "x": 672.0, "flipX": 0.0, "y": 32.0, "flipY": 0.0 }, "object": 517.0 }, { "layer": 0.0, "deleted": 0.0, "variables": { "x": 640.0, "flipX": 0.0, "y": 32.0, "flipY": 0.0 }, "object": 517.0 }, { "layer": 0.0, "deleted": 0.0, "variables": { "x": 608.0, "flipX": 0.0, "y": 32.0, "flipY": 0.0 }, "object": 517.0 }, { "layer": 0.0, "deleted": 0.0, "variables": { "x": 576.0, "flipX": 0.0, "y": 32.0, "flipY": 0.0 }, "object": 517.0 }, { "layer": 0.0, "deleted": 0.0, "variables": { "x": 544.0, "flipX": 0.0, "y": 32.0, "flipY": 0.0 }, "object": 517.0 }, { "layer": 0.0, "deleted": 0.0, "variables": { "x": 512.0, "flipX": 0.0, "y": 32.0, "flipY": 0.0 }, "object": 517.0 }, { "layer": 0.0, "deleted": 0.0, "variables": { "x": 480.0, "flipX": 0.0, "y": 32.0, "flipY": 0.0 }, "object": 517.0 }, { "layer": 0.0, "deleted": 0.0, "variables": { "x": 256.0, "flipX": 0.0, "y": 0.0, "flipY": 0.0 }, "object": 517.0 }, { "layer": 0.0, "deleted": 0.0, "variables": { "x": 288.0, "flipX": 0.0, "y": 0.0, "flipY": 0.0 }, "object": 517.0 }, { "layer": 0.0, "deleted": 0.0, "variables": { "x": 384.0, "flipX": 0.0, "y": 32.0, "flipY": 0.0 }, "object": 517.0 }, { "layer": 0.0, "deleted": 0.0, "variables": { "x": 352.0, "flipX": 0.0, "y": 32.0, "flipY": 0.0 }, "object": 517.0 }, { "layer": 0.0, "deleted": 0.0, "variables": { "x": 320.0, "flipX": 0.0, "y": 32.0, "flipY": 0.0 }, "object": 517.0 }, { "layer": 0.0, "deleted": 0.0, "variables": { "x": 288.0, "flipX": 0.0, "y": 32.0, "flipY": 0.0 }, "object": 517.0 }, { "layer": 0.0, "deleted": 0.0, "variables": { "x": 256.0, "flipX": 0.0, "y": 32.0, "flipY": 0.0 }, "object": 517.0 }, { "layer": 0.0, "deleted": 0.0, "variables": { "x": 224.0, "flipX": 0.0, "y": 32.0, "flipY": 0.0 }, "object": 517.0 }, { "layer": 0.0, "deleted": 0.0, "variables": { "x": 192.0, "flipX": 0.0, "y": 32.0, "flipY": 0.0 }, "object": 517.0 }, { "layer": 0.0, "deleted": 0.0, "variables": { "x": 160.0, "flipX": 0.0, "y": 32.0, "flipY": 0.0 }, "object": 517.0 }, { "layer": 0.0, "deleted": 0.0, "variables": { "x": 128.0, "flipX": 0.0, "y": 32.0, "flipY": 0.0 }, "object": 517.0 }, { "layer": 0.0, "deleted": 0.0, "variables": { "x": 96.0, "flipX": 0.0, "y": 32.0, "flipY": 0.0 }, "object": 517.0 }, { "layer": 0.0, "deleted": 0.0, "variables": { "x": 64.0, "flipX": 0.0, "y": 32.0, "flipY": 0.0 }, "object": 517.0 }, { "layer": 0.0, "deleted": 0.0, "variables": { "x": 32.0, "flipX": 0.0, "y": 32.0, "flipY": 0.0 }, "object": 517.0 }, { "layer": 0.0, "deleted": 0.0, "variables": { "x": 32.0, "flipX": 0.0, "y": 64.0, "flipY": 0.0 }, "object": 517.0 }, { "layer": 0.0, "deleted": 0.0, "variables": { "x": 0.0, "flipX": 0.0, "y": 64.0, "flipY": 0.0 }, "object": 517.0 }, { "layer": 0.0, "deleted": 0.0, "variables": { "x": 0.0, "flipX": 0.0, "y": 96.0, "flipY": 0.0 }, "object": 517.0 }, { "layer": 0.0, "deleted": 0.0, "variables": { "x": 0.0, "flipX": 0.0, "y": 128.0, "flipY": 0.0 }, "object": 517.0 }, { "layer": 0.0, "deleted": 0.0, "variables": { "x": 0.0, "flipX": 0.0, "y": 160.0, "flipY": 0.0 }, "object": 517.0 }, { "layer": 0.0, "deleted": 0.0, "variables": { "x": 0.0, "flipX": 0.0, "y": 128.0, "flipY": 0.0 }, "object": 517.0 }, { "layer": 0.0, "deleted": 0.0, "variables": { "x": 32.0, "flipX": 0.0, "y": 128.0, "flipY": 0.0 }, "object": 517.0 }, { "layer": 0.0, "deleted": 0.0, "variables": { "x": 32.0, "flipX": 0.0, "y": 96.0, "flipY": 0.0 }, "object": 517.0 }, { "layer": 0.0, "deleted": 0.0, "variables": { "x": 32.0, "flipX": 0.0, "y": 64.0, "flipY": 0.0 }, "object": 517.0 }, { "layer": 0.0, "deleted": 0.0, "variables": { "x": 32.0, "flipX": 0.0, "y": 96.0, "flipY": 0.0 }, "object": 517.0 }, { "layer": 0.0, "deleted": 0.0, "variables": { "x": 32.0, "flipX": 0.0, "y": 128.0, "flipY": 0.0 }, "object": 517.0 }, { "layer": 0.0, "deleted": 0.0, "variables": { "x": 32.0, "flipX": 0.0, "y": 160.0, "flipY": 0.0 }, "object": 517.0 }, { "layer": 0.0, "deleted": 0.0, "variables": { "x": 32.0, "flipX": 0.0, "y": 192.0, "flipY": 0.0 }, "object": 517.0 }, { "layer": 0.0, "deleted": 0.0, "variables": { "x": 0.0, "flipX": 0.0, "y": 192.0, "flipY": 0.0 }, "object": 517.0 }, { "layer": 0.0, "deleted": 0.0, "variables": { "x": 0.0, "flipX": 0.0, "y": 224.0, "flipY": 0.0 }, "object": 517.0 }, { "layer": 0.0, "deleted": 0.0, "variables": { "x": 32.0, "flipX": 0.0, "y": 224.0, "flipY": 0.0 }, "object": 517.0 }, { "layer": 0.0, "deleted": 0.0, "variables": { "x": 32.0, "flipX": 0.0, "y": 256.0, "flipY": 0.0 }, "object": 517.0 }, { "layer": 0.0, "deleted": 0.0, "variables": { "x": 0.0, "flipX": 0.0, "y": 256.0, "flipY": 0.0 }, "object": 517.0 }, { "layer": 0.0, "deleted": 0.0, "variables": { "x": 0.0, "flipX": 0.0, "y": 288.0, "flipY": 0.0 }, "object": 517.0 }, { "layer": 0.0, "deleted": 0.0, "variables": { "x": 0.0, "flipX": 0.0, "y": 320.0, "flipY": 0.0 }, "object": 517.0 }, { "layer": 0.0, "deleted": 0.0, "variables": { "x": 32.0, "flipX": 0.0, "y": 320.0, "flipY": 0.0 }, "object": 517.0 }, { "layer": 0.0, "deleted": 0.0, "variables": { "x": 32.0, "flipX": 0.0, "y": 288.0, "flipY": 0.0 }, "object": 517.0 }, { "layer": 0.0, "deleted": 0.0, "variables": { "x": 32.0, "flipX": 0.0, "y": 320.0, "flipY": 0.0 }, "object": 517.0 }, { "layer": 0.0, "deleted": 0.0, "variables": { "x": 32.0, "flipX": 0.0, "y": 352.0, "flipY": 0.0 }, "object": 517.0 }, { "layer": 0.0, "deleted": 0.0, "variables": { "x": 32.0, "flipX": 0.0, "y": 0.0, "flipY": 0.0 }, "object": 517.0 }, { "layer": 0.0, "deleted": 0.0, "variables": { "x": 704.0, "y": 352.0, "targetRoom": "Hotel", "image_xscale": 1.0, "visible": "true", "image_yscale": 1.0, "flipX": 0.0, "flipY": 0.0 }, "object": 795.0 }, { "layer": 0.0, "deleted": 0.0, "variables": { "x": 928.0, "flipX": 0.0, "y": 384.0, "flipY": 0.0 }, "object": 517.0 }, { "layer": 0.0, "deleted": 0.0, "variables": { "x": 928.0, "flipX": 0.0, "y": 416.0, "flipY": 0.0 }, "object": 517.0 }, { "layer": 0.0, "deleted": 0.0, "variables": { "x": 896.0, "flipX": 0.0, "y": 416.0, "flipY": 0.0 }, "object": 517.0 }, { "layer": 0.0, "deleted": 0.0, "variables": { "x": 176.0, "y": 416.0 }, "object": 804.0 }, { "layer": 0.0, "deleted": 0.0, "variables": { "x": 192.0, "flipX": 0.0, "y": 320.0, "flipY": 0.0 }, "object": 770.0 }, { "layer": 0.0, "deleted": 0.0, "variables": { "x": 896.0, "flipX": 0.0, "y": 384.0, "flipY": 0.0 }, "object": 517.0 }, { "layer": 0.0, "deleted": 0.0, "variables": { "x": 176.0, "y": 416.0 }, "object": 804.0 }, { "layer": 0.0, "deleted": 0.0, "variables": { "x": 448.0, "flipX": 0.0, "y": 416.0, "flipY": 0.0 }, "object": 763.0 }, { "layer": 0.0, "deleted": 0.0, "variables": { "x": 736.0, "flipX": 0.0, "y": 416.0, "flipY": 0.0 }, "object": 805.0 }, { "layer": 0.0, "deleted": 0.0, "variables": { "x": 384.0, "flipX": 1.0, "y": 352.0, "flipY": 0.0 }, "object": 827.0 }, { "layer": 0.0, "deleted": 0.0, "variables": { "x": 384.0, "flipX": 1.0, "y": 288.0, "flipY": 0.0 }, "object": 827.0 }, { "layer": 0.0, "deleted": 0.0, "variables": { "x": 384.0, "flipX": 1.0, "y": 224.0, "flipY": 0.0 }, "object": 827.0 }, { "layer": 0.0, "deleted": 0.0, "variables": { "x": 384.0, "flipX": 1.0, "y": 160.0, "flipY": 0.0 }, "object": 827.0 }, { "layer": 0.0, "deleted": 0.0, "variables": { "x": 384.0, "flipX": 1.0, "y": 160.0, "flipY": 0.0 }, "object": 827.0 }, { "layer": 0.0, "deleted": 0.0, "variables": { "x": 384.0, "flipX": 1.0, "y": 96.0, "flipY": 0.0 }, "object": 827.0 }, { "layer": 0.0, "deleted": 0.0, "variables": { "x": 320.0, "flipX": 0.0, "y": 0.0, "flipY": 0.0 }, "object": 517.0 }, { "layer": 0.0, "deleted": 0.0, "variables": { "x": 320.0, "flipX": 0.0, "y": 288.0, "flipY": 0.0 }, "object": 305.0 }, { "layer": 0.0, "deleted": 0.0, "variables": { "x": 416.0, "flipX": 0.0, "y": 0.0, "flipY": 0.0 }, "object": 517.0 }, { "layer": 0.0, "deleted": 0.0, "variables": { "x": 384.0, "flipX": 0.0, "y": 32.0, "flipY": 0.0 }, "object": 517.0 }, { "layer": 0.0, "deleted": 0.0, "variables": { "x": 352.0, "flipX": 0.0, "y": 320.0, "flipY": 0.0 }, "object": 330.0 }, { "layer": 0.0, "deleted": 0.0, "variables": { "x": 288.0, "flipX": 0.0, "y": 320.0, "flipY": 0.0 }, "object": 330.0 }, { "layer": 0.0, "deleted": 0.0, "variables": { "x": 320.0, "flipX": 0.0, "y": 320.0, "flipY": 0.0 }, "object": 330.0 }, { "layer": 0.0, "deleted": 0.0, "variables": { "x": 832.0, "flipX": 0.0, "y": 402.0, "flipY": 0.0 }, "object": 494.0 } ], "tile_data": { "5": { "32_64": { "coord": [ 0.0, 13.0 ], "autotile_index": 0.0, "tileset": "tile_entrance1", "autotile": 0.0 }, "32_480": { "coord": [ 0.0, 13.0 ], "autotile_index": 0.0, "tileset": "tile_entrance1", "autotile": 0.0 }, "96_384": { "coord": [ 0.0, 12.0 ], "autotile_index": 0.0, "tileset": "tile_entrance1", "autotile": 0.0 }, "96_448": { "coord": [ 0.0, 13.0 ], "autotile_index": 0.0, "tileset": "tile_entrance1", "autotile": 0.0 }, "224_0": { "coord": [ 0.0, 13.0 ], "autotile_index": 0.0, "tileset": "tile_entrance1", "autotile": 0.0 }, "672_544": { "coord": [ 0.0, 13.0 ], "autotile_index": 0.0, "tileset": "tile_entrance1", "autotile": 0.0 }, "32_448": { "coord": [ 0.0, 13.0 ], "autotile_index": 0.0, "tileset": "tile_entrance1", "autotile": 0.0 }, "0_0": { "coord": [ 0.0, 13.0 ], "autotile_index": 0.0, "tileset": "tile_entrance1", "autotile": 0.0 }, "544_0": { "coord": [ 0.0, 13.0 ], "autotile_index": 0.0, "tileset": "tile_entrance1", "autotile": 0.0 }, "64_480": { "coord": [ 0.0, 13.0 ], "autotile_index": 0.0, "tileset": "tile_entrance1", "autotile": 0.0 }, "480_0": { "coord": [ 0.0, 13.0 ], "autotile_index": 0.0, "tileset": "tile_entrance1", "autotile": 0.0 }, "0_416": { "coord": [ 0.0, 13.0 ], "autotile_index": 0.0, "tileset": "tile_entrance1", "autotile": 0.0 }, "128_0": { "coord": [ 0.0, 13.0 ], "autotile_index": 0.0, "tileset": "tile_entrance1", "autotile": 0.0 }, "288_480": { "coord": [ 0.0, 13.0 ], "autotile_index": 0.0, "tileset": "tile_entrance1", "autotile": 0.0 }, "32_512": { "coord": [ 0.0, 13.0 ], "autotile_index": 0.0, "tileset": "tile_entrance1", "autotile": 0.0 }, "160_512": { "coord": [ 0.0, 13.0 ], "autotile_index": 0.0, "tileset": "tile_entrance1", "autotile": 0.0 }, "928_480": { "coord": [ 0.0, 13.0 ], "autotile_index": 0.0, "tileset": "tile_entrance1", "autotile": 0.0 }, "128_480": { "coord": [ 0.0, 13.0 ], "autotile_index": 0.0, "tileset": "tile_entrance1", "autotile": 0.0 }, "576_448": { "coord": [ 0.0, 12.0 ], "autotile_index": 0.0, "tileset": "tile_entrance1", "autotile": 0.0 }, "32_320": { "coord": [ 0.0, 13.0 ], "autotile_index": 0.0, "tileset": "tile_entrance1", "autotile": 0.0 }, "64_32": { "coord": [ 0.0, 13.0 ], "autotile_index": 0.0, "tileset": "tile_entrance1", "autotile": 0.0 }, "768_448": { "coord": [ 0.0, 12.0 ], "autotile_index": 0.0, "tileset": "tile_entrance1", "autotile": 0.0 }, "256_0": { "coord": [ 0.0, 13.0 ], "autotile_index": 0.0, "tileset": "tile_entrance1", "autotile": 0.0 }, "32_384": { "coord": [ 0.0, 12.0 ], "autotile_index": 0.0, "tileset": "tile_entrance1", "autotile": 0.0 }, "896_192": { "coord": [ 0.0, 13.0 ], "autotile_index": 0.0, "tileset": "tile_entrance1", "autotile": 0.0 }, "928_384": { "coord": [ 0.0, 13.0 ], "autotile_index": 0.0, "tileset": "tile_entrance1", "autotile": 0.0 }, "608_512": { "coord": [ 0.0, 13.0 ], "autotile_index": 0.0, "tileset": "tile_entrance1", "autotile": 0.0 }, "608_448": { "coord": [ 0.0, 12.0 ], "autotile_index": 0.0, "tileset": "tile_entrance1", "autotile": 0.0 }, "448_448": { "coord": [ 0.0, 12.0 ], "autotile_index": 0.0, "tileset": "tile_entrance1", "autotile": 0.0 }, "896_224": { "coord": [ 0.0, 13.0 ], "autotile_index": 0.0, "tileset": "tile_entrance1", "autotile": 0.0 }, "320_448": { "coord": [ 0.0, 12.0 ], "autotile_index": 0.0, "tileset": "tile_entrance1", "autotile": 0.0 }, "416_32": { "coord": [ 0.0, 13.0 ], "autotile_index": 0.0, "tileset": "tile_entrance1", "autotile": 0.0 }, "928_0": { "coord": [ 0.0, 13.0 ], "autotile_index": 0.0, "tileset": "tile_entrance1", "autotile": 0.0 }, "480_480": { "coord": [ 0.0, 13.0 ], "autotile_index": 0.0, "tileset": "tile_entrance1", "autotile": 0.0 }, "896_320": { "coord": [ 0.0, 13.0 ], "autotile_index": 0.0, "tileset": "tile_entrance1", "autotile": 0.0 }, "832_480": { "coord": [ 0.0, 13.0 ], "autotile_index": 0.0, "tileset": "tile_entrance1", "autotile": 0.0 }, "736_480": { "coord": [ 0.0, 13.0 ], "autotile_index": 0.0, "tileset": "tile_entrance1", "autotile": 0.0 }, "128_32": { "coord": [ 0.0, 13.0 ], "autotile_index": 0.0, "tileset": "tile_entrance1", "autotile": 0.0 }, "0_448": { "coord": [ 0.0, 13.0 ], "autotile_index": 0.0, "tileset": "tile_entrance1", "autotile": 0.0 }, "128_512": { "coord": [ 0.0, 13.0 ], "autotile_index": 0.0, "tileset": "tile_entrance1", "autotile": 0.0 }, "32_256": { "coord": [ 0.0, 13.0 ], "autotile_index": 0.0, "tileset": "tile_entrance1", "autotile": 0.0 }, "800_448": { "coord": [ 0.0, 12.0 ], "autotile_index": 0.0, "tileset": "tile_entrance1", "autotile": 0.0 }, "640_32": { "coord": [ 0.0, 13.0 ], "autotile_index": 0.0, "tileset": "tile_entrance1", "autotile": 0.0 }, "672_480": { "coord": [ 0.0, 13.0 ], "autotile_index": 0.0, "tileset": "tile_entrance1", "autotile": 0.0 }, "384_512": { "coord": [ 0.0, 13.0 ], "autotile_index": 0.0, "tileset": "tile_entrance1", "autotile": 0.0 }, "640_512": { "coord": [ 0.0, 13.0 ], "autotile_index": 0.0, "tileset": "tile_entrance1", "autotile": 0.0 }, "896_512": { "coord": [ 0.0, 13.0 ], "autotile_index": 0.0, "tileset": "tile_entrance1", "autotile": 0.0 }, "320_0": { "coord": [ 0.0, 13.0 ], "autotile_index": 0.0, "tileset": "tile_entrance1", "autotile": 0.0 }, "864_448": { "coord": [ 0.0, 12.0 ], "autotile_index": 0.0, "tileset": "tile_entrance1", "autotile": 0.0 }, "0_128": { "coord": [ 0.0, 13.0 ], "autotile_index": 0.0, "tileset": "tile_entrance1", "autotile": 0.0 }, "736_512": { "coord": [ 0.0, 13.0 ], "autotile_index": 0.0, "tileset": "tile_entrance1", "autotile": 0.0 }, "608_32": { "coord": [ 0.0, 13.0 ], "autotile_index": 0.0, "tileset": "tile_entrance1", "autotile": 0.0 }, "256_448": { "coord": [ 0.0, 12.0 ], "autotile_index": 0.0, "tileset": "tile_entrance1", "autotile": 0.0 }, "928_256": { "coord": [ 0.0, 13.0 ], "autotile_index": 0.0, "tileset": "tile_entrance1", "autotile": 0.0 }, "384_448": { "coord": [ 0.0, 12.0 ], "autotile_index": 0.0, "tileset": "tile_entrance1", "autotile": 0.0 }, "928_288": { "coord": [ 0.0, 13.0 ], "autotile_index": 0.0, "tileset": "tile_entrance1", "autotile": 0.0 }, "224_32": { "coord": [ 0.0, 13.0 ], "autotile_index": 0.0, "tileset": "tile_entrance1", "autotile": 0.0 }, "608_0": { "coord": [ 0.0, 13.0 ], "autotile_index": 0.0, "tileset": "tile_entrance1", "autotile": 0.0 }, "288_448": { "coord": [ 0.0, 12.0 ], "autotile_index": 0.0, "tileset": "tile_entrance1", "autotile": 0.0 }, "256_512": { "coord": [ 0.0, 13.0 ], "autotile_index": 0.0, "tileset": "tile_entrance1", "autotile": 0.0 }, "128_448": { "coord": [ 0.0, 12.0 ], "autotile_index": 0.0, "tileset": "tile_entrance1", "autotile": 0.0 }, "768_512": { "coord": [ 0.0, 13.0 ], "autotile_index": 0.0, "tileset": "tile_entrance1", "autotile": 0.0 }, "544_448": { "coord": [ 0.0, 12.0 ], "autotile_index": 0.0, "tileset": "tile_entrance1", "autotile": 0.0 }, "192_512": { "coord": [ 0.0, 13.0 ], "autotile_index": 0.0, "tileset": "tile_entrance1", "autotile": 0.0 }, "64_384": { "coord": [ 0.0, 12.0 ], "autotile_index": 0.0, "tileset": "tile_entrance1", "autotile": 0.0 }, "928_512": { "coord": [ 0.0, 13.0 ], "autotile_index": 0.0, "tileset": "tile_entrance1", "autotile": 0.0 }, "544_32": { "coord": [ 0.0, 13.0 ], "autotile_index": 0.0, "tileset": "tile_entrance1", "autotile": 0.0 }, "800_480": { "coord": [ 0.0, 13.0 ], "autotile_index": 0.0, "tileset": "tile_entrance1", "autotile": 0.0 }, "640_576": { "coord": [ 0.0, 13.0 ], "autotile_index": 0.0, "tileset": "tile_entrance1", "autotile": 0.0 }, "416_448": { "coord": [ 0.0, 12.0 ], "autotile_index": 0.0, "tileset": "tile_entrance1", "autotile": 0.0 }, "0_256": { "coord": [ 0.0, 13.0 ], "autotile_index": 0.0, "tileset": "tile_entrance1", "autotile": 0.0 }, "224_448": { "coord": [ 0.0, 12.0 ], "autotile_index": 0.0, "tileset": "tile_entrance1", "autotile": 0.0 }, "864_32": { "coord": [ 0.0, 13.0 ], "autotile_index": 0.0, "tileset": "tile_entrance1", "autotile": 0.0 }, "352_512": { "coord": [ 0.0, 13.0 ], "autotile_index": 0.0, "tileset": "tile_entrance1", "autotile": 0.0 }, "480_448": { "coord": [ 0.0, 12.0 ], "autotile_index": 0.0, "tileset": "tile_entrance1", "autotile": 0.0 }, "768_32": { "coord": [ 0.0, 13.0 ], "autotile_index": 0.0, "tileset": "tile_entrance1", "autotile": 0.0 }, "0_352": { "coord": [ 0.0, 13.0 ], "autotile_index": 0.0, "tileset": "tile_entrance1", "autotile": 0.0 }, "448_0": { "coord": [ 0.0, 13.0 ], "autotile_index": 0.0, "tileset": "tile_entrance1", "autotile": 0.0 }, "160_0": { "coord": [ 0.0, 13.0 ], "autotile_index": 0.0, "tileset": "tile_entrance1", "autotile": 0.0 }, "544_480": { "coord": [ 0.0, 13.0 ], "autotile_index": 0.0, "tileset": "tile_entrance1", "autotile": 0.0 }, "672_32": { "coord": [ 0.0, 13.0 ], "autotile_index": 0.0, "tileset": "tile_entrance1", "autotile": 0.0 }, "480_32": { "coord": [ 0.0, 13.0 ], "autotile_index": 0.0, "tileset": "tile_entrance1", "autotile": 0.0 }, "32_224": { "coord": [ 0.0, 13.0 ], "autotile_index": 0.0, "tileset": "tile_entrance1", "autotile": 0.0 }, "288_32": { "coord": [ 0.0, 13.0 ], "autotile_index": 0.0, "tileset": "tile_entrance1", "autotile": 0.0 }, "832_512": { "coord": [ 0.0, 13.0 ], "autotile_index": 0.0, "tileset": "tile_entrance1", "autotile": 0.0 }, "448_32": { "coord": [ 0.0, 13.0 ], "autotile_index": 0.0, "tileset": "tile_entrance1", "autotile": 0.0 }, "32_416": { "coord": [ 0.0, 13.0 ], "autotile_index": 0.0, "tileset": "tile_entrance1", "autotile": 0.0 }, "768_544": { "coord": [ 0.0, 13.0 ], "autotile_index": 0.0, "tileset": "tile_entrance1", "autotile": 0.0 }, "672_0": { "coord": [ 0.0, 13.0 ], "autotile_index": 0.0, "tileset": "tile_entrance1", "autotile": 0.0 }, "800_32": { "coord": [ 0.0, 13.0 ], "autotile_index": 0.0, "tileset": "tile_entrance1", "autotile": 0.0 }, "896_256": { "coord": [ 0.0, 13.0 ], "autotile_index": 0.0, "tileset": "tile_entrance1", "autotile": 0.0 }, "0_288": { "coord": [ 0.0, 13.0 ], "autotile_index": 0.0, "tileset": "tile_entrance1", "autotile": 0.0 }, "96_512": { "coord": [ 0.0, 13.0 ], "autotile_index": 0.0, "tileset": "tile_entrance1", "autotile": 0.0 }, "64_0": { "coord": [ 0.0, 13.0 ], "autotile_index": 0.0, "tileset": "tile_entrance1", "autotile": 0.0 }, "0_224": { "coord": [ 0.0, 13.0 ], "autotile_index": 0.0, "tileset": "tile_entrance1", "autotile": 0.0 }, "448_480": { "coord": [ 0.0, 13.0 ], "autotile_index": 0.0, "tileset": "tile_entrance1", "autotile": 0.0 }, "448_512": { "coord": [ 0.0, 13.0 ], "autotile_index": 0.0, "tileset": "tile_entrance1", "autotile": 0.0 }, "512_480": { "coord": [ 0.0, 13.0 ], "autotile_index": 0.0, "tileset": "tile_entrance1", "autotile": 0.0 }, "928_448": { "coord": [ 0.0, 13.0 ], "autotile_index": 0.0, "tileset": "tile_entrance1", "autotile": 0.0 }, "896_160": { "coord": [ 0.0, 13.0 ], "autotile_index": 0.0, "tileset": "tile_entrance1", "autotile": 0.0 }, "896_416": { "coord": [ 0.0, 13.0 ], "autotile_index": 0.0, "tileset": "tile_entrance1", "autotile": 0.0 }, "384_32": { "coord": [ 0.0, 13.0 ], "autotile_index": 0.0, "tileset": "tile_entrance1", "autotile": 0.0 }, "672_512": { "coord": [ 0.0, 13.0 ], "autotile_index": 0.0, "tileset": "tile_entrance1", "autotile": 0.0 }, "736_544": { "coord": [ 0.0, 13.0 ], "autotile_index": 0.0, "tileset": "tile_entrance1", "autotile": 0.0 }, "384_0": { "coord": [ 0.0, 13.0 ], "autotile_index": 0.0, "tileset": "tile_entrance1", "autotile": 0.0 }, "256_480": { "coord": [ 0.0, 13.0 ], "autotile_index": 0.0, "tileset": "tile_entrance1", "autotile": 0.0 }, "416_480": { "coord": [ 0.0, 13.0 ], "autotile_index": 0.0, "tileset": "tile_entrance1", "autotile": 0.0 }, "928_64": { "coord": [ 0.0, 13.0 ], "autotile_index": 0.0, "tileset": "tile_entrance1", "autotile": 0.0 }, "352_480": { "coord": [ 0.0, 13.0 ], "autotile_index": 0.0, "tileset": "tile_entrance1", "autotile": 0.0 }, "640_448": { "coord": [ 0.0, 12.0 ], "autotile_index": 0.0, "tileset": "tile_entrance1", "autotile": 0.0 }, "704_480": { "coord": [ 0.0, 13.0 ], "autotile_index": 0.0, "tileset": "tile_entrance1", "autotile": 0.0 }, "192_0": { "coord": [ 0.0, 13.0 ], "autotile_index": 0.0, "tileset": "tile_entrance1", "autotile": 0.0 }, "800_0": { "coord": [ 0.0, 13.0 ], "autotile_index": 0.0, "tileset": "tile_entrance1", "autotile": 0.0 }, "640_0": { "coord": [ 0.0, 13.0 ], "autotile_index": 0.0, "tileset": "tile_entrance1", "autotile": 0.0 }, "576_512": { "coord": [ 0.0, 13.0 ], "autotile_index": 0.0, "tileset": "tile_entrance1", "autotile": 0.0 }, "352_0": { "coord": [ 0.0, 13.0 ], "autotile_index": 0.0, "tileset": "tile_entrance1", "autotile": 0.0 }, "768_0": { "coord": [ 0.0, 13.0 ], "autotile_index": 0.0, "tileset": "tile_entrance1", "autotile": 0.0 }, "192_448": { "coord": [ 0.0, 12.0 ], "autotile_index": 0.0, "tileset": "tile_entrance1", "autotile": 0.0 }, "32_192": { "coord": [ 0.0, 13.0 ], "autotile_index": 0.0, "tileset": "tile_entrance1", "autotile": 0.0 }, "896_0": { "coord": [ 0.0, 13.0 ], "autotile_index": 0.0, "tileset": "tile_entrance1", "autotile": 0.0 }, "96_480": { "coord": [ 0.0, 13.0 ], "autotile_index": 0.0, "tileset": "tile_entrance1", "autotile": 0.0 }, "0_384": { "coord": [ 0.0, 12.0 ], "autotile_index": 0.0, "tileset": "tile_entrance1", "autotile": 0.0 }, "32_128": { "coord": [ 0.0, 13.0 ], "autotile_index": 0.0, "tileset": "tile_entrance1", "autotile": 0.0 }, "32_288": { "coord": [ 0.0, 13.0 ], "autotile_index": 0.0, "tileset": "tile_entrance1", "autotile": 0.0 }, "224_480": { "coord": [ 0.0, 13.0 ], "autotile_index": 0.0, "tileset": "tile_entrance1", "autotile": 0.0 }, "160_32": { "coord": [ 0.0, 13.0 ], "autotile_index": 0.0, "tileset": "tile_entrance1", "autotile": 0.0 }, "224_512": { "coord": [ 0.0, 13.0 ], "autotile_index": 0.0, "tileset": "tile_entrance1", "autotile": 0.0 }, "512_544": { "coord": [ 0.0, 13.0 ], "autotile_index": 0.0, "tileset": "tile_entrance1", "autotile": 0.0 }, "512_0": { "coord": [ 0.0, 13.0 ], "autotile_index": 0.0, "tileset": "tile_entrance1", "autotile": 0.0 }, "736_448": { "coord": [ 0.0, 12.0 ], "autotile_index": 0.0, "tileset": "tile_entrance1", "autotile": 0.0 }, "64_448": { "coord": [ 0.0, 13.0 ], "autotile_index": 0.0, "tileset": "tile_entrance1", "autotile": 0.0 }, "896_352": { "coord": [ 0.0, 13.0 ], "autotile_index": 0.0, "tileset": "tile_entrance1", "autotile": 0.0 }, "672_448": { "coord": [ 0.0, 12.0 ], "autotile_index": 0.0, "tileset": "tile_entrance1", "autotile": 0.0 }, "832_32": { "coord": [ 0.0, 13.0 ], "autotile_index": 0.0, "tileset": "tile_entrance1", "autotile": 0.0 }, "352_32": { "coord": [ 0.0, 13.0 ], "autotile_index": 0.0, "tileset": "tile_entrance1", "autotile": 0.0 }, "928_320": { "coord": [ 0.0, 13.0 ], "autotile_index": 0.0, "tileset": "tile_entrance1", "autotile": 0.0 }, "928_128": { "coord": [ 0.0, 13.0 ], "autotile_index": 0.0, "tileset": "tile_entrance1", "autotile": 0.0 }, "288_512": { "coord": [ 0.0, 13.0 ], "autotile_index": 0.0, "tileset": "tile_entrance1", "autotile": 0.0 }, "896_96": { "coord": [ 0.0, 13.0 ], "autotile_index": 0.0, "tileset": "tile_entrance1", "autotile": 0.0 }, "96_0": { "coord": [ 0.0, 13.0 ], "autotile_index": 0.0, "tileset": "tile_entrance1", "autotile": 0.0 }, "32_352": { "coord": [ 0.0, 13.0 ], "autotile_index": 0.0, "tileset": "tile_entrance1", "autotile": 0.0 }, "864_512": { "coord": [ 0.0, 13.0 ], "autotile_index": 0.0, "tileset": "tile_entrance1", "autotile": 0.0 }, "544_544": { "coord": [ 0.0, 13.0 ], "autotile_index": 0.0, "tileset": "tile_entrance1", "autotile": 0.0 }, "192_480": { "coord": [ 0.0, 13.0 ], "autotile_index": 0.0, "tileset": "tile_entrance1", "autotile": 0.0 }, "-32_544": { "coord": [ 0.0, 13.0 ], "autotile_index": 0.0, "tileset": "tile_entrance1", "autotile": 0.0 }, "0_96": { "coord": [ 0.0, 13.0 ], "autotile_index": 0.0, "tileset": "tile_entrance1", "autotile": 0.0 }, "64_416": { "coord": [ 0.0, 13.0 ], "autotile_index": 0.0, "tileset": "tile_entrance1", "autotile": 0.0 }, "704_544": { "coord": [ 0.0, 13.0 ], "autotile_index": 0.0, "tileset": "tile_entrance1", "autotile": 0.0 }, "544_512": { "coord": [ 0.0, 13.0 ], "autotile_index": 0.0, "tileset": "tile_entrance1", "autotile": 0.0 }, "96_32": { "coord": [ 0.0, 13.0 ], "autotile_index": 0.0, "tileset": "tile_entrance1", "autotile": 0.0 }, "704_512": { "coord": [ 0.0, 13.0 ], "autotile_index": 0.0, "tileset": "tile_entrance1", "autotile": 0.0 }, "0_64": { "coord": [ 0.0, 13.0 ], "autotile_index": 0.0, "tileset": "tile_entrance1", "autotile": 0.0 }, "416_0": { "coord": [ 0.0, 13.0 ], "autotile_index": 0.0, "tileset": "tile_entrance1", "autotile": 0.0 }, "896_288": { "coord": [ 0.0, 13.0 ], "autotile_index": 0.0, "tileset": "tile_entrance1", "autotile": 0.0 }, "352_448": { "coord": [ 0.0, 12.0 ], "autotile_index": 0.0, "tileset": "tile_entrance1", "autotile": 0.0 }, "0_32": { "coord": [ 0.0, 13.0 ], "autotile_index": 0.0, "tileset": "tile_entrance1", "autotile": 0.0 }, "800_544": { "coord": [ 0.0, 13.0 ], "autotile_index": 0.0, "tileset": "tile_entrance1", "autotile": 0.0 }, "960_512": { "coord": [ 0.0, 13.0 ], "autotile_index": 0.0, "tileset": "tile_entrance1", "autotile": 0.0 }, "64_512": { "coord": [ 0.0, 13.0 ], "autotile_index": 0.0, "tileset": "tile_entrance1", "autotile": 0.0 }, "896_384": { "coord": [ 0.0, 13.0 ], "autotile_index": 0.0, "tileset": "tile_entrance1", "autotile": 0.0 }, "736_32": { "coord": [ 0.0, 13.0 ], "autotile_index": 0.0, "tileset": "tile_entrance1", "autotile": 0.0 }, "928_160": { "coord": [ 0.0, 13.0 ], "autotile_index": 0.0, "tileset": "tile_entrance1", "autotile": 0.0 }, "928_32": { "coord": [ 0.0, 13.0 ], "autotile_index": 0.0, "tileset": "tile_entrance1", "autotile": 0.0 }, "896_32": { "coord": [ 0.0, 13.0 ], "autotile_index": 0.0, "tileset": "tile_entrance1", "autotile": 0.0 }, "480_512": { "coord": [ 0.0, 13.0 ], "autotile_index": 0.0, "tileset": "tile_entrance1", "autotile": 0.0 }, "160_480": { "coord": [ 0.0, 13.0 ], "autotile_index": 0.0, "tileset": "tile_entrance1", "autotile": 0.0 }, "704_0": { "coord": [ 0.0, 13.0 ], "autotile_index": 0.0, "tileset": "tile_entrance1", "autotile": 0.0 }, "512_32": { "coord": [ 0.0, 13.0 ], "autotile_index": 0.0, "tileset": "tile_entrance1", "autotile": 0.0 }, "320_32": { "coord": [ 0.0, 13.0 ], "autotile_index": 0.0, "tileset": "tile_entrance1", "autotile": 0.0 }, "32_160": { "coord": [ 0.0, 13.0 ], "autotile_index": 0.0, "tileset": "tile_entrance1", "autotile": 0.0 }, "736_0": { "coord": [ 0.0, 13.0 ], "autotile_index": 0.0, "tileset": "tile_entrance1", "autotile": 0.0 }, "896_448": { "coord": [ 0.0, 13.0 ], "autotile_index": 0.0, "tileset": "tile_entrance1", "autotile": 0.0 }, "928_96": { "coord": [ 0.0, 13.0 ], "autotile_index": 0.0, "tileset": "tile_entrance1", "autotile": 0.0 }, "640_480": { "coord": [ 0.0, 13.0 ], "autotile_index": 0.0, "tileset": "tile_entrance1", "autotile": 0.0 }, "512_512": { "coord": [ 0.0, 13.0 ], "autotile_index": 0.0, "tileset": "tile_entrance1", "autotile": 0.0 }, "0_480": { "coord": [ 0.0, 13.0 ], "autotile_index": 0.0, "tileset": "tile_entrance1", "autotile": 0.0 }, "288_0": { "coord": [ 0.0, 13.0 ], "autotile_index": 0.0, "tileset": "tile_entrance1", "autotile": 0.0 }, "928_192": { "coord": [ 0.0, 13.0 ], "autotile_index": 0.0, "tileset": "tile_entrance1", "autotile": 0.0 }, "832_0": { "coord": [ 0.0, 13.0 ], "autotile_index": 0.0, "tileset": "tile_entrance1", "autotile": 0.0 }, "0_512": { "coord": [ 0.0, 13.0 ], "autotile_index": 0.0, "tileset": "tile_entrance1", "autotile": 0.0 }, "96_416": { "coord": [ 0.0, 13.0 ], "autotile_index": 0.0, "tileset": "tile_entrance1", "autotile": 0.0 }, "928_416": { "coord": [ 0.0, 13.0 ], "autotile_index": 0.0, "tileset": "tile_entrance1", "autotile": 0.0 }, "672_576": { "coord": [ 0.0, 13.0 ], "autotile_index": 0.0, "tileset": "tile_entrance1", "autotile": 0.0 }, "768_480": { "coord": [ 0.0, 13.0 ], "autotile_index": 0.0, "tileset": "tile_entrance1", "autotile": 0.0 }, "896_480": { "coord": [ 0.0, 13.0 ], "autotile_index": 0.0, "tileset": "tile_entrance1", "autotile": 0.0 }, "480_544": { "coord": [ 0.0, 13.0 ], "autotile_index": 0.0, "tileset": "tile_entrance1", "autotile": 0.0 }, "832_448": { "coord": [ 0.0, 12.0 ], "autotile_index": 0.0, "tileset": "tile_entrance1", "autotile": 0.0 }, "64_544": { "coord": [ 0.0, 13.0 ], "autotile_index": 0.0, "tileset": "tile_entrance1", "autotile": 0.0 }, "576_32": { "coord": [ 0.0, 13.0 ], "autotile_index": 0.0, "tileset": "tile_entrance1", "autotile": 0.0 }, "896_64": { "coord": [ 0.0, 13.0 ], "autotile_index": 0.0, "tileset": "tile_entrance1", "autotile": 0.0 }, "32_96": { "coord": [ 0.0, 13.0 ], "autotile_index": 0.0, "tileset": "tile_entrance1", "autotile": 0.0 }, "704_448": { "coord": [ 0.0, 12.0 ], "autotile_index": 0.0, "tileset": "tile_entrance1", "autotile": 0.0 }, "608_480": { "coord": [ 0.0, 13.0 ], "autotile_index": 0.0, "tileset": "tile_entrance1", "autotile": 0.0 }, "0_192": { "coord": [ 0.0, 13.0 ], "autotile_index": 0.0, "tileset": "tile_entrance1", "autotile": 0.0 }, "160_448": { "coord": [ 0.0, 12.0 ], "autotile_index": 0.0, "tileset": "tile_entrance1", "autotile": 0.0 }, "704_32": { "coord": [ 0.0, 13.0 ], "autotile_index": 0.0, "tileset": "tile_entrance1", "autotile": 0.0 }, "256_32": { "coord": [ 0.0, 13.0 ], "autotile_index": 0.0, "tileset": "tile_entrance1", "autotile": 0.0 }, "800_512": { "coord": [ 0.0, 13.0 ], "autotile_index": 0.0, "tileset": "tile_entrance1", "autotile": 0.0 }, "32_544": { "coord": [ 0.0, 13.0 ], "autotile_index": 0.0, "tileset": "tile_entrance1", "autotile": 0.0 }, "896_128": { "coord": [ 0.0, 13.0 ], "autotile_index": 0.0, "tileset": "tile_entrance1", "autotile": 0.0 }, "0_320": { "coord": [ 0.0, 13.0 ], "autotile_index": 0.0, "tileset": "tile_entrance1", "autotile": 0.0 }, "864_480": { "coord": [ 0.0, 13.0 ], "autotile_index": 0.0, "tileset": "tile_entrance1", "autotile": 0.0 }, "576_480": { "coord": [ 0.0, 13.0 ], "autotile_index": 0.0, "tileset": "tile_entrance1", "autotile": 0.0 }, "32_32": { "coord": [ 0.0, 13.0 ], "autotile_index": 0.0, "tileset": "tile_entrance1", "autotile": 0.0 }, "928_352": { "coord": [ 0.0, 13.0 ], "autotile_index": 0.0, "tileset": "tile_entrance1", "autotile": 0.0 }, "192_32": { "coord": [ 0.0, 13.0 ], "autotile_index": 0.0, "tileset": "tile_entrance1", "autotile": 0.0 }, "576_576": { "coord": [ 0.0, 13.0 ], "autotile_index": 0.0, "tileset": "tile_entrance1", "autotile": 0.0 }, "32_0": { "coord": [ 0.0, 13.0 ], "autotile_index": 0.0, "tileset": "tile_entrance1", "autotile": 0.0 }, "320_512": { "coord": [ 0.0, 13.0 ], "autotile_index": 0.0, "tileset": "tile_entrance1", "autotile": 0.0 }, "608_576": { "coord": [ 0.0, 13.0 ], "autotile_index": 0.0, "tileset": "tile_entrance1", "autotile": 0.0 }, "-32_512": { "coord": [ 0.0, 13.0 ], "autotile_index": 0.0, "tileset": "tile_entrance1", "autotile": 0.0 }, "832_544": { "coord": [ 0.0, 13.0 ], "autotile_index": 0.0, "tileset": "tile_entrance1", "autotile": 0.0 }, "928_224": { "coord": [ 0.0, 13.0 ], "autotile_index": 0.0, "tileset": "tile_entrance1", "autotile": 0.0 }, "384_480": { "coord": [ 0.0, 13.0 ], "autotile_index": 0.0, "tileset": "tile_entrance1", "autotile": 0.0 }, "512_448": { "coord": [ 0.0, 12.0 ], "autotile_index": 0.0, "tileset": "tile_entrance1", "autotile": 0.0 }, "864_0": { "coord": [ 0.0, 13.0 ], "autotile_index": 0.0, "tileset": "tile_entrance1", "autotile": 0.0 }, "416_512": { "coord": [ 0.0, 13.0 ], "autotile_index": 0.0, "tileset": "tile_entrance1", "autotile": 0.0 }, "0_160": { "coord": [ 0.0, 13.0 ], "autotile_index": 0.0, "tileset": "tile_entrance1", "autotile": 0.0 }, "320_480": { "coord": [ 0.0, 13.0 ], "autotile_index": 0.0, "tileset": "tile_entrance1", "autotile": 0.0 }, "576_0": { "coord": [ 0.0, 13.0 ], "autotile_index": 0.0, "tileset": "tile_entrance1", "autotile": 0.0 } } }, "backgrounds": { "5": { "x": 127.0, "scroll_x": 1.0, "tile_y": 1.0, "hspeed": 0.0, "scroll_y": 1.0, "y": 24.0, "sprite": "pngegg", "tile_x": 1.0, "vspeed": 0.0, "image_speed": 15.0, "panic_sprite": -1.0 } }, "properties": { "songTransitionTime": 100.0, "roomX": 0.0, "levelWidth": 960.0, "roomY": 0.0, "levelHeight": 540.0, "song": "" } }